time,fraction_a,fraction_b,fraction_c
1,0.0016,0.0028,0.0028
2,0.0004,0.0004,0.0004
3,0.0,0.0,0.0
4,0.0,0.0,0.0
5,0.0,0.0,0.0
6,0.0,0.0,0.0
7,0.0,0.0,0.0
8,0.0,0.0,0.0
9,0.0008,0.0,0.0
10,0.0016,0.0012,0.0
11,0.0068,0.0028,0.0032
12,0.0244,0.016,0.0132
13,0.0616,0.0524,0.0476
14,0.1324,0.1204,0.1276
15,0.214,0.2212,0.2124
16,0.2948,0.31,0.2764
17,0.3304,0.3512,0.302
18,0.336,0.3572,0.306
19,0.338,0.3556,0.3064
20,0.3412,0.358,0.3008
21,0.342,0.3608,0.2972
22,0.3432,0.3624,0.2944
23,0.3448,0.3632,0.292
24,0.3492,0.3616,0.2892
25,0.35,0.3628,0.2872
26,0.3516,0.3628,0.2856
27,0.352,0.364,0.284
28,0.3516,0.3656,0.2828
29,0.3504,0.368,0.2816
30,0.3488,0.3684,0.2828
31,0.3484,0.3704,0.2812
32,0.3476,0.3704,0.282
33,0.3468,0.37,0.2832
34,0.348,0.3664,0.2856
35,0.3484,0.3692,0.2824
36,0.3472,0.3676,0.2852
37,0.3468,0.3676,0.2856
38,0.3468,0.3672,0.286
39,0.3456,0.3668,0.2876
40,0.346,0.3668,0.2872
41,0.3444,0.3692,0.2864
42,0.3452,0.37,0.2848
43,0.3452,0.368,0.2868
44,0.3468,0.3668,0.2864
45,0.348,0.366,0.286
46,0.348,0.3672,0.2848
47,0.3464,0.366,0.2876
48,0.3468,0.364,0.2892
49,0.3448,0.362,0.2932
50,0.344,0.3628,0.2932
51,0.3432,0.3632,0.2936
52,0.3408,0.3636,0.2956
53,0.34,0.3628,0.2972
54,0.3404,0.362,0.2976
55,0.3416,0.3608,0.2976
56,0.3376,0.3612,0.3012
57,0.3352,0.36,0.3048
58,0.3344,0.3568,0.3088
59,0.33,0.3572,0.3128
60,0.3288,0.3564,0.3148
61,0.3304,0.3552,0.3144
62,0.3296,0.354,0.3164
63,0.3296,0.3532,0.3172
64,0.332,0.3512,0.3168
65,0.3344,0.348,0.3176
66,0.3364,0.3448,0.3188
67,0.3396,0.3424,0.318
68,0.3396,0.3408,0.3196
69,0.3416,0.3384,0.32
70,0.3428,0.336,0.3212
71,0.3444,0.3332,0.3224
72,0.344,0.3316,0.3244
73,0.3456,0.3272,0.3272
74,0.3492,0.324,0.3268
75,0.3512,0.3216,0.3272
76,0.352,0.3204,0.3276
77,0.3536,0.3188,0.3276
78,0.3568,0.3156,0.3276
79,0.36,0.31,0.33
80,0.3612,0.3076,0.3312
81,0.3672,0.3012,0.3316
82,0.3668,0.3,0.3332
83,0.3692,0.2992,0.3316
84,0.37,0.2976,0.3324
85,0.3744,0.2948,0.3308
86,0.3776,0.292,0.3304
87,0.3776,0.2912,0.3312
88,0.3792,0.288,0.3328
89,0.3832,0.2848,0.332
90,0.3856,0.2832,0.3312
91,0.3868,0.282,0.3312
92,0.386,0.2832,0.3308
93,0.386,0.2824,0.3316
94,0.3884,0.28,0.3316
95,0.388,0.2804,0.3316
96,0.3888,0.2788,0.3324
97,0.3904,0.2792,0.3304
98,0.3908,0.2796,0.3296
99,0.3936,0.276,0.3304
100,0.3956,0.2752,0.3292
101,0.3988,0.2724,0.3288
102,0.4008,0.2712,0.328
103,0.4036,0.2688,0.3276
104,0.4044,0.2684,0.3272
105,0.4048,0.2684,0.3268
106,0.4064,0.2668,0.3268
107,0.4064,0.2672,0.3264
108,0.4072,0.2664,0.3264
109,0.4088,0.2656,0.3256
110,0.412,0.2632,0.3248
111,0.4144,0.262,0.3236
112,0.4148,0.2612,0.324
113,0.4164,0.2596,0.324
114,0.4172,0.2596,0.3232
115,0.4184,0.2588,0.3228
116,0.4204,0.2572,0.3224
117,0.4224,0.2572,0.3204
118,0.424,0.2564,0.3196
119,0.4264,0.2544,0.3192
120,0.4268,0.254,0.3192
121,0.4264,0.2552,0.3184
122,0.4276,0.254,0.3184
123,0.4296,0.252,0.3184
124,0.4296,0.2524,0.318
125,0.4336,0.2476,0.3188
126,0.4364,0.2468,0.3168
127,0.4352,0.2484,0.3164
128,0.4368,0.248,0.3152
129,0.4392,0.2456,0.3152
130,0.4408,0.2432,0.316
131,0.4428,0.2428,0.3144
132,0.4452,0.242,0.3128
133,0.4456,0.2412,0.3132
134,0.4456,0.2408,0.3136
135,0.4476,0.2396,0.3128
136,0.4492,0.24,0.3108
137,0.4512,0.2388,0.31
138,0.454,0.2364,0.3096
139,0.4556,0.2348,0.3096
140,0.4596,0.2312,0.3092
141,0.4612,0.2304,0.3084
142,0.4624,0.228,0.3096
143,0.4648,0.2264,0.3088
144,0.4708,0.2256,0.3036
145,0.4724,0.2232,0.3044
146,0.4708,0.2256,0.3036
147,0.4716,0.2284,0.3
148,0.4744,0.2284,0.2972
149,0.4736,0.2308,0.2956
150,0.4728,0.2336,0.2936
151,0.4724,0.2356,0.292
152,0.4732,0.2364,0.2904
153,0.47,0.2388,0.2912
154,0.4704,0.2408,0.2888
155,0.47,0.2436,0.2864
156,0.4708,0.244,0.2852
157,0.4716,0.2456,0.2828
158,0.4724,0.246,0.2816
159,0.4704,0.248,0.2816
160,0.4684,0.2504,0.2812
161,0.4676,0.254,0.2784
162,0.468,0.2572,0.2748
163,0.4664,0.2588,0.2748
164,0.464,0.2596,0.2764
165,0.4652,0.2608,0.274
166,0.4636,0.264,0.2724
167,0.4636,0.2656,0.2708
168,0.4636,0.2688,0.2676
169,0.4612,0.2712,0.2676
170,0.4596,0.2748,0.2656
171,0.4588,0.2792,0.262
172,0.4572,0.282,0.2608
173,0.4564,0.2892,0.2544
174,0.4548,0.2952,0.25
175,0.454,0.2972,0.2488
176,0.4532,0.302,0.2448
177,0.452,0.3068,0.2412
178,0.4496,0.3108,0.2396
179,0.4484,0.3152,0.2364
180,0.4468,0.3172,0.236
181,0.444,0.322,0.234
182,0.4444,0.3236,0.232
183,0.4428,0.3268,0.2304
184,0.44,0.3304,0.2296
185,0.4388,0.3328,0.2284
186,0.4356,0.3336,0.2308
187,0.4328,0.3352,0.232
188,0.434,0.3368,0.2292
189,0.4324,0.3388,0.2288
190,0.4312,0.3384,0.2304
191,0.4288,0.34,0.2312
192,0.4264,0.3412,0.2324
193,0.424,0.344,0.232
194,0.4224,0.3432,0.2344
195,0.4224,0.3424,0.2352
196,0.4192,0.3452,0.2356
197,0.4168,0.3464,0.2368
198,0.4148,0.3472,0.238
199,0.414,0.3496,0.2364
200,0.4128,0.3496,0.2376
201,0.4104,0.3492,0.2404
202,0.4088,0.35,0.2412
203,0.4076,0.3508,0.2416
204,0.406,0.3528,0.2412
205,0.4016,0.3544,0.244
206,0.3992,0.3552,0.2456
207,0.3968,0.3556,0.2476
208,0.3964,0.3556,0.248
209,0.3924,0.3584,0.2492
210,0.3908,0.358,0.2512
211,0.3888,0.3588,0.2524
212,0.3872,0.3584,0.2544
213,0.384,0.3588,0.2572
214,0.3804,0.3592,0.2604
215,0.378,0.3612,0.2608
216,0.3748,0.3608,0.2644
217,0.3728,0.3604,0.2668
218,0.3704,0.3612,0.2684
219,0.3672,0.3616,0.2712
220,0.3652,0.364,0.2708
221,0.3632,0.364,0.2728
222,0.3596,0.3632,0.2772
223,0.3576,0.3624,0.28
224,0.356,0.362,0.282
225,0.3532,0.3636,0.2832
226,0.352,0.3628,0.2852
227,0.3484,0.3624,0.2892
228,0.3468,0.3624,0.2908
229,0.3448,0.3628,0.2924
230,0.3412,0.3632,0.2956
231,0.3372,0.3652,0.2976
232,0.3348,0.3648,0.3004
233,0.3344,0.364,0.3016
234,0.3312,0.364,0.3048
235,0.3296,0.3624,0.308
236,0.328,0.3632,0.3088
237,0.3268,0.364,0.3092
238,0.3248,0.3636,0.3116
239,0.3212,0.364,0.3148
240,0.3204,0.3632,0.3164
241,0.3184,0.3632,0.3184
242,0.3168,0.3624,0.3208
243,0.3148,0.3624,0.3228
244,0.3124,0.3644,0.3232
245,0.3124,0.3648,0.3228
246,0.3104,0.3648,0.3248
247,0.3108,0.3632,0.326
248,0.3108,0.3628,0.3264
249,0.3092,0.362,0.3288
250,0.3068,0.362,0.3312
251,0.3076,0.362,0.3304
252,0.3056,0.3632,0.3312
253,0.3012,0.3632,0.3356
254,0.2996,0.3632,0.3372
255,0.2992,0.3636,0.3372
256,0.298,0.3628,0.3392
257,0.2964,0.3628,0.3408
258,0.2944,0.3628,0.3428
259,0.2932,0.3624,0.3444
260,0.2928,0.3616,0.3456
261,0.2944,0.36,0.3456
262,0.2924,0.3592,0.3484
263,0.2924,0.358,0.3496
264,0.292,0.3572,0.3508
265,0.2884,0.3596,0.352
266,0.2852,0.3584,0.3564
267,0.2848,0.3584,0.3568
268,0.284,0.358,0.358
269,0.2832,0.3572,0.3596
270,0.2828,0.3548,0.3624
271,0.2808,0.3548,0.3644
272,0.2792,0.354,0.3668
273,0.2752,0.3544,0.3704
274,0.2728,0.354,0.3732
275,0.2728,0.3532,0.374
276,0.2692,0.3532,0.3776
277,0.266,0.354,0.38
278,0.2648,0.3524,0.3828
279,0.262,0.3512,0.3868
280,0.2596,0.3504,0.39
281,0.2552,0.35,0.3948
282,0.2512,0.3492,0.3996
283,0.2464,0.348,0.4056
284,0.2416,0.3472,0.4112
285,0.2392,0.3456,0.4152
286,0.2376,0.3444,0.418
287,0.236,0.3424,0.4216
288,0.2336,0.344,0.4224
289,0.2324,0.3404,0.4272
290,0.2304,0.3388,0.4308
291,0.2288,0.338,0.4332
292,0.2288,0.3364,0.4348
293,0.2288,0.3356,0.4356
294,0.2288,0.3328,0.4384
295,0.228,0.3312,0.4408
296,0.228,0.3288,0.4432
297,0.2316,0.3244,0.444
298,0.2332,0.32,0.4468
299,0.2324,0.3196,0.448
300,0.234,0.3152,0.4508
301,0.234,0.3128,0.4532
302,0.2352,0.3116,0.4532
303,0.2344,0.3108,0.4548
304,0.2336,0.3092,0.4572
305,0.2348,0.306,0.4592
306,0.2368,0.3036,0.4596
307,0.2364,0.3048,0.4588
308,0.2376,0.3028,0.4596
309,0.238,0.3004,0.4616
310,0.2384,0.2976,0.464
311,0.2396,0.2968,0.4636
312,0.2396,0.2964,0.464
313,0.2396,0.2936,0.4668
314,0.2396,0.2932,0.4672
315,0.24,0.2928,0.4672
316,0.2412,0.2912,0.4676
317,0.242,0.2904,0.4676
318,0.2424,0.2888,0.4688
319,0.2436,0.2872,0.4692
320,0.2432,0.288,0.4688
321,0.2444,0.286,0.4696
322,0.246,0.2836,0.4704
323,0.2448,0.284,0.4712
324,0.246,0.282,0.472
325,0.2456,0.28,0.4744
326,0.246,0.2804,0.4736
327,0.2476,0.28,0.4724
328,0.2492,0.2792,0.4716
329,0.2508,0.278,0.4712
330,0.252,0.2768,0.4712
331,0.2512,0.276,0.4728
332,0.252,0.2752,0.4728
333,0.254,0.2724,0.4736
334,0.2536,0.2728,0.4736
335,0.2556,0.2728,0.4716
336,0.2572,0.272,0.4708
337,0.2576,0.27,0.4724
338,0.2592,0.2688,0.472
339,0.2612,0.2668,0.472
340,0.2608,0.2656,0.4736
341,0.2616,0.2644,0.474
342,0.2636,0.2644,0.472
343,0.2668,0.2636,0.4696
344,0.2668,0.2636,0.4696
345,0.2688,0.262,0.4692
346,0.2696,0.2612,0.4692
347,0.2712,0.2584,0.4704
348,0.2732,0.2564,0.4704
349,0.2732,0.2564,0.4704
350,0.2756,0.2568,0.4676
351,0.278,0.2564,0.4656
352,0.2808,0.2552,0.464
353,0.282,0.2544,0.4636
354,0.2836,0.254,0.4624
355,0.2856,0.254,0.4604
356,0.2868,0.2536,0.4596
357,0.2888,0.252,0.4592
358,0.29,0.2508,0.4592
359,0.2916,0.2508,0.4576
360,0.2932,0.2504,0.4564
361,0.2968,0.2484,0.4548
362,0.3004,0.2452,0.4544
363,0.3024,0.2472,0.4504
364,0.3072,0.2444,0.4484
365,0.3104,0.2424,0.4472
366,0.3144,0.242,0.4436
367,0.316,0.242,0.442
368,0.3184,0.238,0.4436
369,0.3216,0.2376,0.4408
370,0.3244,0.2348,0.4408
371,0.3272,0.2356,0.4372
372,0.3324,0.2344,0.4332
373,0.3352,0.234,0.4308
374,0.3392,0.232,0.4288
375,0.3416,0.234,0.4244
376,0.344,0.2368,0.4192
377,0.346,0.2384,0.4156
378,0.3468,0.2428,0.4104
379,0.3504,0.244,0.4056
380,0.3508,0.2472,0.402
381,0.352,0.254,0.394
382,0.3524,0.2564,0.3912
383,0.3536,0.258,0.3884
384,0.3564,0.2584,0.3852
385,0.358,0.26,0.382
386,0.3592,0.2636,0.3772
387,0.3588,0.2668,0.3744
388,0.3608,0.2664,0.3728
389,0.3624,0.2672,0.3704
390,0.3632,0.2688,0.368
391,0.3624,0.2756,0.362
392,0.3624,0.2748,0.3628
393,0.3628,0.276,0.3612
394,0.3636,0.278,0.3584
395,0.3624,0.2804,0.3572
396,0.3636,0.2824,0.354
397,0.3644,0.284,0.3516
398,0.364,0.286,0.35
399,0.3656,0.2856,0.3488
400,0.3656,0.288,0.3464
401,0.3668,0.2896,0.3436
402,0.3672,0.2916,0.3412
403,0.3664,0.2924,0.3412
404,0.3664,0.2936,0.34
405,0.3668,0.294,0.3392
406,0.3672,0.2956,0.3372
407,0.368,0.296,0.336
408,0.368,0.2988,0.3332
409,0.3684,0.2992,0.3324
410,0.3692,0.3004,0.3304
411,0.3708,0.302,0.3272
412,0.37,0.3036,0.3264
413,0.3696,0.3044,0.326
414,0.3684,0.3052,0.3264
415,0.3692,0.3068,0.324
416,0.3696,0.3068,0.3236
417,0.3704,0.3104,0.3192
418,0.3688,0.3116,0.3196
419,0.3692,0.314,0.3168
420,0.3704,0.3152,0.3144
421,0.3688,0.3164,0.3148
422,0.368,0.3168,0.3152
423,0.3672,0.3184,0.3144
424,0.366,0.3216,0.3124
425,0.366,0.3212,0.3128
426,0.366,0.3232,0.3108
427,0.366,0.3248,0.3092
428,0.3664,0.3256,0.308
429,0.3656,0.3264,0.308
430,0.3652,0.3292,0.3056
431,0.3656,0.3304,0.304
432,0.3628,0.332,0.3052
433,0.3628,0.336,0.3012
434,0.3624,0.3376,0.3
435,0.3624,0.3376,0.3
436,0.3624,0.3392,0.2984
437,0.362,0.3428,0.2952
438,0.36,0.3436,0.2964
439,0.3592,0.346,0.2948
440,0.3576,0.348,0.2944
441,0.3556,0.35,0.2944
442,0.3568,0.352,0.2912
443,0.356,0.356,0.288
444,0.3564,0.3568,0.2868
445,0.3552,0.3588,0.286
446,0.3544,0.36,0.2856
447,0.3532,0.3612,0.2856
448,0.352,0.3652,0.2828
449,0.3508,0.3692,0.28
450,0.3508,0.3704,0.2788
451,0.3472,0.3728,0.28
452,0.3452,0.3772,0.2776
453,0.3452,0.3812,0.2736
454,0.3432,0.3832,0.2736
455,0.3408,0.3876,0.2716
456,0.3384,0.392,0.2696
457,0.3364,0.3972,0.2664
458,0.3336,0.4028,0.2636
459,0.3316,0.4092,0.2592
460,0.3272,0.4144,0.2584
461,0.3252,0.418,0.2568
462,0.3208,0.4236,0.2556
463,0.318,0.4236,0.2584
464,0.3152,0.43,0.2548
465,0.3136,0.4332,0.2532
466,0.3124,0.4348,0.2528
467,0.3128,0.4384,0.2488
468,0.3128,0.4392,0.248
469,0.3092,0.4424,0.2484
470,0.3056,0.4444,0.25
471,0.3052,0.4456,0.2492
472,0.3056,0.4472,0.2472
473,0.304,0.448,0.248
474,0.3036,0.4488,0.2476
475,0.304,0.452,0.244
476,0.302,0.4528,0.2452
477,0.3008,0.4548,0.2444
478,0.3004,0.4556,0.244
479,0.2992,0.4584,0.2424
480,0.2988,0.4592,0.242
481,0.2968,0.4604,0.2428
482,0.2968,0.4612,0.242
483,0.2956,0.4616,0.2428
484,0.294,0.4624,0.2436
485,0.2924,0.4644,0.2432
486,0.292,0.4644,0.2436
487,0.2916,0.4664,0.242
488,0.29,0.4672,0.2428
489,0.2892,0.4672,0.2436
490,0.29,0.4672,0.2428
491,0.29,0.4676,0.2424
492,0.2888,0.468,0.2432
493,0.2876,0.4692,0.2432
494,0.2856,0.4716,0.2428
495,0.2848,0.472,0.2432
496,0.2848,0.4724,0.2428
497,0.2844,0.4724,0.2432
498,0.2828,0.4736,0.2436
499,0.2812,0.4744,0.2444
500,0.2796,0.476,0.2444
501,0.2804,0.4768,0.2428
502,0.2808,0.4764,0.2428
503,0.28,0.4764,0.2436
504,0.2808,0.4756,0.2436
505,0.2792,0.4768,0.244
506,0.2772,0.4772,0.2456
507,0.2768,0.4784,0.2448
508,0.2756,0.4792,0.2452
509,0.2752,0.4804,0.2444
510,0.2744,0.48,0.2456
511,0.2748,0.4784,0.2468
512,0.2744,0.478,0.2476
513,0.2732,0.4768,0.25
514,0.274,0.4768,0.2492
515,0.2728,0.4784,0.2488
516,0.2732,0.4788,0.248
517,0.2728,0.478,0.2492
518,0.2724,0.4776,0.25
519,0.2704,0.4788,0.2508
520,0.2696,0.478,0.2524
521,0.2688,0.4776,0.2536
522,0.2692,0.478,0.2528
523,0.2692,0.4772,0.2536
524,0.2688,0.4772,0.254
525,0.2668,0.478,0.2552
526,0.2672,0.478,0.2548
527,0.266,0.4768,0.2572
528,0.2644,0.4776,0.258
529,0.2644,0.4768,0.2588
530,0.2628,0.4764,0.2608
531,0.2632,0.4756,0.2612
532,0.2644,0.4736,0.262
533,0.264,0.4728,0.2632
534,0.2624,0.4724,0.2652
535,0.2608,0.474,0.2652
536,0.262,0.472,0.266
537,0.26,0.472,0.268
538,0.2584,0.4712,0.2704
539,0.2592,0.4692,0.2716
540,0.2576,0.4684,0.274
541,0.2568,0.4676,0.2756
542,0.2568,0.4668,0.2764
543,0.2572,0.464,0.2788
544,0.2576,0.4624,0.28
545,0.256,0.462,0.282
546,0.2552,0.46,0.2848
547,0.2552,0.46,0.2848
548,0.256,0.4596,0.2844
549,0.2552,0.458,0.2868
550,0.2524,0.4576,0.29
551,0.2508,0.4564,0.2928
552,0.2496,0.4556,0.2948
553,0.2492,0.454,0.2968
554,0.2484,0.4516,0.3
555,0.2484,0.45,0.3016
556,0.244,0.4492,0.3068
557,0.2428,0.4464,0.3108
558,0.2424,0.4444,0.3132
559,0.24,0.4432,0.3168
560,0.2388,0.4412,0.32
561,0.2392,0.438,0.3228
562,0.2412,0.4344,0.3244
563,0.2424,0.4316,0.326
564,0.2424,0.428,0.3296
565,0.2464,0.4244,0.3292
566,0.2484,0.4192,0.3324
567,0.252,0.4144,0.3336
568,0.2544,0.412,0.3336
569,0.256,0.408,0.336
570,0.2596,0.4052,0.3352
571,0.2616,0.4012,0.3372
572,0.2632,0.3984,0.3384
573,0.266,0.3956,0.3384
574,0.266,0.3948,0.3392
575,0.2688,0.3896,0.3416
576,0.27,0.3876,0.3424
577,0.2724,0.384,0.3436
578,0.272,0.384,0.344
579,0.2732,0.3804,0.3464
580,0.2756,0.3784,0.346
581,0.2748,0.378,0.3472
582,0.2772,0.376,0.3468
583,0.278,0.3748,0.3472
584,0.2804,0.3732,0.3464
585,0.2804,0.3724,0.3472
586,0.2808,0.3704,0.3488
587,0.2816,0.3684,0.35
588,0.2832,0.366,0.3508
589,0.2852,0.364,0.3508
590,0.2876,0.362,0.3504
591,0.2872,0.3604,0.3524
592,0.2884,0.3596,0.352
593,0.2888,0.3604,0.3508
594,0.2916,0.3584,0.35
595,0.2924,0.3576,0.35
596,0.2936,0.3568,0.3496
597,0.2936,0.3564,0.35
598,0.2952,0.3536,0.3512
599,0.2964,0.3516,0.352
600,0.298,0.3512,0.3508
601,0.3,0.3492,0.3508
602,0.302,0.3476,0.3504
603,0.3012,0.3484,0.3504
604,0.3012,0.3476,0.3512
605,0.302,0.3452,0.3528
606,0.3016,0.3452,0.3532
607,0.3032,0.3444,0.3524
608,0.3052,0.3424,0.3524
609,0.306,0.3408,0.3532
610,0.3084,0.3388,0.3528
611,0.3104,0.338,0.3516
612,0.3104,0.3384,0.3512
613,0.3124,0.3384,0.3492
614,0.3124,0.3404,0.3472
615,0.3124,0.34,0.3476
616,0.3144,0.3376,0.348
617,0.316,0.336,0.348
618,0.3164,0.3356,0.348
619,0.3176,0.3336,0.3488
620,0.3192,0.332,0.3488
621,0.32,0.334,0.346
622,0.3216,0.3324,0.346
623,0.3224,0.3332,0.3444
624,0.3236,0.3324,0.344
625,0.3252,0.3308,0.344
626,0.3256,0.3312,0.3432
627,0.3268,0.33,0.3432
628,0.3292,0.33,0.3408
629,0.3312,0.3296,0.3392
630,0.3312,0.3284,0.3404
631,0.3312,0.33,0.3388
632,0.3344,0.3276,0.338
633,0.336,0.328,0.336
634,0.3368,0.3288,0.3344
635,0.3372,0.3292,0.3336
636,0.34,0.328,0.332
637,0.3416,0.328,0.3304
638,0.3432,0.3292,0.3276
639,0.3424,0.3324,0.3252
640,0.3456,0.332,0.3224
641,0.3468,0.334,0.3192
642,0.3472,0.3356,0.3172
643,0.3496,0.3356,0.3148
644,0.3524,0.3328,0.3148
645,0.3548,0.3328,0.3124
646,0.3556,0.3332,0.3112
647,0.3572,0.3344,0.3084
648,0.3588,0.3332,0.308
649,0.3604,0.3328,0.3068
650,0.3612,0.3336,0.3052
651,0.3624,0.3344,0.3032
652,0.3668,0.3324,0.3008
653,0.3668,0.3316,0.3016
654,0.3676,0.3308,0.3016
655,0.3688,0.3296,0.3016
656,0.3708,0.328,0.3012
657,0.372,0.3272,0.3008
658,0.374,0.326,0.3
659,0.3764,0.324,0.2996
660,0.3784,0.3236,0.298
661,0.38,0.3232,0.2968
662,0.382,0.3216,0.2964
663,0.3844,0.3204,0.2952
664,0.3872,0.3184,0.2944
665,0.3924,0.3136,0.294
666,0.3944,0.3116,0.294
667,0.4,0.3068,0.2932
668,0.4024,0.3048,0.2928
669,0.4048,0.3028,0.2924
670,0.408,0.3004,0.2916
671,0.4112,0.2984,0.2904
672,0.4136,0.298,0.2884
673,0.414,0.2972,0.2888
674,0.4168,0.296,0.2872
675,0.42,0.294,0.286
676,0.4216,0.2916,0.2868
677,0.4244,0.2896,0.286
678,0.4252,0.2876,0.2872
679,0.4284,0.2852,0.2864
680,0.4296,0.286,0.2844
681,0.4312,0.2856,0.2832
682,0.4332,0.2832,0.2836
683,0.4352,0.2808,0.284
684,0.4356,0.2816,0.2828
685,0.4376,0.2808,0.2816
686,0.4404,0.2776,0.282
687,0.4408,0.2768,0.2824
688,0.4424,0.2768,0.2808
689,0.4448,0.2756,0.2796
690,0.4472,0.2728,0.28
691,0.4476,0.2716,0.2808
692,0.4484,0.2716,0.28
693,0.4496,0.2696,0.2808
694,0.4504,0.2708,0.2788
695,0.4512,0.2696,0.2792
696,0.4528,0.268,0.2792
697,0.454,0.2672,0.2788
698,0.4536,0.2676,0.2788
699,0.4544,0.2664,0.2792
700,0.4548,0.266,0.2792
701,0.4556,0.2648,0.2796
702,0.4576,0.2628,0.2796
703,0.458,0.2632,0.2788
704,0.4604,0.262,0.2776
705,0.4608,0.2624,0.2768
706,0.4612,0.2624,0.2764
707,0.4612,0.2636,0.2752
708,0.4636,0.2624,0.274
709,0.4656,0.2596,0.2748
710,0.4664,0.2592,0.2744
711,0.4656,0.2596,0.2748
712,0.4664,0.2592,0.2744
713,0.4672,0.2588,0.274
714,0.4688,0.2584,0.2728
715,0.47,0.2572,0.2728
716,0.4708,0.256,0.2732
717,0.4704,0.2568,0.2728
718,0.4708,0.2568,0.2724
719,0.4708,0.258,0.2712
720,0.4708,0.2576,0.2716
721,0.4716,0.2568,0.2716
722,0.4696,0.2584,0.272
723,0.4708,0.2572,0.272
724,0.472,0.256,0.272
725,0.472,0.256,0.272
726,0.4724,0.256,0.2716
727,0.4728,0.2552,0.272
728,0.4724,0.2564,0.2712
729,0.4732,0.256,0.2708
730,0.4744,0.2548,0.2708
731,0.4748,0.2548,0.2704
732,0.4748,0.2552,0.27
733,0.4748,0.2552,0.27
734,0.4752,0.2548,0.27
735,0.4748,0.2548,0.2704
736,0.4744,0.2552,0.2704
737,0.4748,0.2552,0.27
738,0.4764,0.254,0.2696
739,0.4752,0.2564,0.2684
740,0.476,0.2556,0.2684
741,0.4776,0.2556,0.2668
742,0.4784,0.2544,0.2672
743,0.4768,0.2548,0.2684
744,0.4776,0.2556,0.2668
745,0.4756,0.2564,0.268
746,0.4756,0.2556,0.2688
747,0.4764,0.2556,0.268
748,0.4768,0.2564,0.2668
749,0.476,0.2568,0.2672
750,0.4768,0.2572,0.266
751,0.478,0.256,0.266
752,0.4784,0.2552,0.2664
753,0.4776,0.2564,0.266
754,0.4772,0.2556,0.2672
755,0.4772,0.2564,0.2664
756,0.476,0.2576,0.2664
757,0.4776,0.2564,0.266
758,0.4768,0.2572,0.266
759,0.4768,0.2568,0.2664
760,0.4796,0.2548,0.2656
761,0.4792,0.2556,0.2652
762,0.4792,0.2552,0.2656
763,0.4772,0.2556,0.2672
764,0.478,0.2568,0.2652
765,0.4772,0.258,0.2648
766,0.4772,0.2576,0.2652
767,0.4764,0.2604,0.2632
768,0.4752,0.2616,0.2632
769,0.4748,0.262,0.2632
770,0.474,0.2624,0.2636
771,0.4736,0.2616,0.2648
772,0.4736,0.2628,0.2636
773,0.4752,0.262,0.2628
774,0.4756,0.2616,0.2628
775,0.4752,0.262,0.2628
776,0.4752,0.2624,0.2624
777,0.4764,0.2624,0.2612
778,0.4756,0.2632,0.2612
779,0.4744,0.2636,0.262
780,0.474,0.2644,0.2616
781,0.4736,0.2636,0.2628
782,0.472,0.2648,0.2632
783,0.472,0.2664,0.2616
784,0.472,0.2668,0.2612
785,0.4708,0.268,0.2612
786,0.4716,0.2668,0.2616
787,0.472,0.2664,0.2616
788,0.4704,0.2684,0.2612
789,0.47,0.2684,0.2616
790,0.4708,0.2704,0.2588
791,0.4696,0.2712,0.2592
792,0.4692,0.2724,0.2584
793,0.4704,0.2736,0.256
794,0.4704,0.276,0.2536
795,0.4692,0.2768,0.254
796,0.4684,0.2768,0.2548
797,0.4648,0.2784,0.2568
798,0.4656,0.2784,0.256
799,0.466,0.2804,0.2536
800,0.4644,0.2804,0.2552
801,0.4652,0.2808,0.254
802,0.4648,0.2824,0.2528
803,0.4632,0.284,0.2528
804,0.464,0.288,0.248
805,0.4636,0.2892,0.2472
806,0.4628,0.2904,0.2468
807,0.4628,0.2908,0.2464
808,0.462,0.292,0.246
809,0.4624,0.2916,0.246
810,0.4596,0.2932,0.2472
811,0.4592,0.2936,0.2472
812,0.4556,0.2944,0.25
813,0.4564,0.2944,0.2492
814,0.4568,0.2952,0.248
815,0.4564,0.2964,0.2472
816,0.4564,0.2956,0.248
817,0.4568,0.2956,0.2476
818,0.4556,0.2952,0.2492
819,0.4536,0.2972,0.2492
820,0.4536,0.2968,0.2496
821,0.4524,0.2984,0.2492
822,0.45,0.2988,0.2512
823,0.45,0.2988,0.2512
824,0.45,0.3,0.25
825,0.4476,0.3008,0.2516
826,0.4448,0.302,0.2532
827,0.4428,0.3028,0.2544
828,0.4412,0.302,0.2568
829,0.4424,0.3,0.2576
830,0.4408,0.3,0.2592
831,0.438,0.3,0.262
832,0.4364,0.2996,0.264
833,0.4344,0.3012,0.2644
834,0.4332,0.3012,0.2656
835,0.432,0.3012,0.2668
836,0.4296,0.3008,0.2696
837,0.4284,0.3,0.2716
838,0.4256,0.3008,0.2736
839,0.4244,0.3012,0.2744
840,0.4244,0.3032,0.2724
841,0.4228,0.3036,0.2736
842,0.4212,0.3048,0.274
843,0.4224,0.3032,0.2744
844,0.4212,0.302,0.2768
845,0.422,0.3012,0.2768
846,0.4208,0.3028,0.2764
847,0.4188,0.3032,0.278
848,0.4184,0.3036,0.278
849,0.4188,0.3028,0.2784
850,0.4188,0.3016,0.2796
851,0.4188,0.3008,0.2804
852,0.4172,0.3012,0.2816
853,0.4164,0.3024,0.2812
854,0.4164,0.3008,0.2828
855,0.416,0.3012,0.2828
856,0.4152,0.2996,0.2852
857,0.4152,0.3,0.2848
858,0.4144,0.2992,0.2864
859,0.4148,0.2984,0.2868
860,0.4156,0.2976,0.2868
861,0.4132,0.2988,0.288
862,0.4136,0.2972,0.2892
863,0.4152,0.2956,0.2892
864,0.4152,0.296,0.2888
865,0.4156,0.2948,0.2896
866,0.416,0.2944,0.2896
867,0.4156,0.2936,0.2908
868,0.4144,0.2932,0.2924
869,0.4136,0.2932,0.2932
870,0.4168,0.2896,0.2936
871,0.4156,0.2896,0.2948
872,0.418,0.288,0.294
873,0.4184,0.286,0.2956
874,0.42,0.2836,0.2964
875,0.4208,0.282,0.2972
876,0.4216,0.28,0.2984
877,0.422,0.2784,0.2996
878,0.4232,0.2768,0.3
879,0.4256,0.274,0.3004
880,0.4264,0.2736,0.3
881,0.4268,0.2736,0.2996
882,0.428,0.2724,0.2996
883,0.4288,0.272,0.2992
884,0.4264,0.2724,0.3012
885,0.4268,0.2716,0.3016
886,0.4272,0.27,0.3028
887,0.4256,0.2708,0.3036
888,0.426,0.27,0.304
889,0.426,0.2684,0.3056
890,0.4268,0.2676,0.3056
891,0.426,0.2672,0.3068
892,0.4256,0.2668,0.3076
893,0.428,0.2644,0.3076
894,0.4272,0.2636,0.3092
895,0.4268,0.2636,0.3096
896,0.4272,0.2636,0.3092
897,0.426,0.2636,0.3104
898,0.4248,0.2644,0.3108
899,0.4256,0.2636,0.3108
900,0.4256,0.2648,0.3096
901,0.4264,0.2632,0.3104
902,0.4264,0.2628,0.3108
903,0.4268,0.262,0.3112
904,0.4276,0.2616,0.3108
905,0.428,0.2604,0.3116
906,0.428,0.2588,0.3132
907,0.4284,0.2576,0.314
908,0.4272,0.2576,0.3152
909,0.4264,0.2568,0.3168
910,0.4236,0.2572,0.3192
911,0.4232,0.2576,0.3192
912,0.4216,0.2576,0.3208
913,0.4228,0.2576,0.3196
914,0.4236,0.258,0.3184
915,0.4236,0.2576,0.3188
916,0.4236,0.2564,0.32
917,0.422,0.2564,0.3216
918,0.4212,0.2564,0.3224
919,0.4212,0.256,0.3228
920,0.422,0.2548,0.3232
921,0.4212,0.254,0.3248
922,0.4212,0.2548,0.324
923,0.4196,0.2552,0.3252
924,0.4176,0.254,0.3284
925,0.4164,0.2548,0.3288
926,0.4172,0.254,0.3288
927,0.4164,0.254,0.3296
928,0.416,0.2548,0.3292
929,0.4148,0.2552,0.33
930,0.4136,0.2564,0.33
931,0.4144,0.254,0.3316
932,0.4156,0.2528,0.3316
933,0.4152,0.2524,0.3324
934,0.4148,0.2528,0.3324
935,0.414,0.2528,0.3332
936,0.4132,0.2524,0.3344
937,0.4116,0.2532,0.3352
938,0.4112,0.252,0.3368
939,0.4092,0.2516,0.3392
940,0.4084,0.2516,0.34
941,0.408,0.2512,0.3408
942,0.406,0.2508,0.3432
943,0.4056,0.2508,0.3436
944,0.4052,0.25,0.3448
945,0.4052,0.2504,0.3444
946,0.4048,0.252,0.3432
947,0.406,0.2508,0.3432
948,0.4036,0.2516,0.3448
949,0.4028,0.2516,0.3456
950,0.4016,0.2504,0.348
951,0.3992,0.2512,0.3496
952,0.3988,0.2504,0.3508
953,0.3988,0.2492,0.352
954,0.398,0.2484,0.3536
955,0.398,0.2484,0.3536
956,0.3976,0.2476,0.3548
957,0.3956,0.2476,0.3568
958,0.3944,0.2476,0.358
959,0.3944,0.2468,0.3588
960,0.3928,0.2464,0.3608
961,0.3908,0.2468,0.3624
962,0.3876,0.2472,0.3652
963,0.3852,0.2476,0.3672
964,0.384,0.2472,0.3688
965,0.3836,0.2468,0.3696
966,0.382,0.2472,0.3708
967,0.3804,0.2472,0.3724
968,0.378,0.2484,0.3736
969,0.376,0.248,0.376
970,0.3764,0.248,0.3756
971,0.3728,0.2484,0.3788
972,0.3716,0.2484,0.38
973,0.3724,0.2464,0.3812
974,0.37,0.2468,0.3832
975,0.3692,0.2456,0.3852
976,0.37,0.2444,0.3856
977,0.3688,0.2456,0.3856
978,0.368,0.2456,0.3864
979,0.3672,0.2452,0.3876
980,0.3656,0.2448,0.3896
981,0.3636,0.244,0.3924
982,0.3616,0.2452,0.3932
983,0.36,0.246,0.394
984,0.3608,0.2452,0.394
985,0.3604,0.2464,0.3932
986,0.3592,0.2468,0.394
987,0.358,0.2468,0.3952
988,0.3564,0.2472,0.3964
989,0.3568,0.2464,0.3968
990,0.3552,0.2464,0.3984
991,0.3548,0.2472,0.398
992,0.354,0.2468,0.3992
993,0.3528,0.2464,0.4008
994,0.354,0.2444,0.4016
995,0.352,0.2452,0.4028
996,0.3508,0.2456,0.4036
997,0.3532,0.2432,0.4036
998,0.3516,0.2428,0.4056
999,0.35,0.2428,0.4072
1000,0.3492,0.2432,0.4076
1001,0.3468,0.2444,0.4088
1002,0.3472,0.2432,0.4096
1003,0.3468,0.244,0.4092
1004,0.3456,0.2444,0.41
1005,0.3448,0.244,0.4112
1006,0.3448,0.244,0.4112
1007,0.3432,0.2448,0.412
1008,0.3416,0.2444,0.414
1009,0.3416,0.2448,0.4136
1010,0.3416,0.2448,0.4136
1011,0.3416,0.2448,0.4136
1012,0.3408,0.2444,0.4148
1013,0.3396,0.2456,0.4148
1014,0.3384,0.2452,0.4164
1015,0.3368,0.2456,0.4176
1016,0.3372,0.2452,0.4176
1017,0.3368,0.2452,0.418
1018,0.3364,0.2452,0.4184
1019,0.3364,0.2448,0.4188
1020,0.3344,0.244,0.4216
1021,0.334,0.244,0.422
1022,0.3332,0.2436,0.4232
1023,0.3328,0.2444,0.4228
1024,0.3324,0.2432,0.4244
1025,0.3336,0.242,0.4244
1026,0.3336,0.2412,0.4252
1027,0.332,0.2416,0.4264
1028,0.3304,0.2416,0.428
1029,0.3292,0.2428,0.428
1030,0.3292,0.242,0.4288
1031,0.3296,0.2416,0.4288
1032,0.3284,0.2416,0.43
1033,0.3272,0.2428,0.43
1034,0.3268,0.2436,0.4296
1035,0.3272,0.2436,0.4292
1036,0.3248,0.2444,0.4308
1037,0.3248,0.2444,0.4308
1038,0.3248,0.2444,0.4308
1039,0.3228,0.2444,0.4328
1040,0.3232,0.2452,0.4316
1041,0.3228,0.2436,0.4336
1042,0.3216,0.2432,0.4352
1043,0.3208,0.2432,0.436
1044,0.3212,0.2424,0.4364
1045,0.32,0.2432,0.4368
1046,0.3196,0.2428,0.4376
1047,0.3176,0.2424,0.44
1048,0.3172,0.2428,0.44
1049,0.3164,0.2424,0.4412
1050,0.3172,0.2416,0.4412
1051,0.3156,0.242,0.4424
1052,0.3148,0.2424,0.4428
1053,0.3152,0.242,0.4428
1054,0.3148,0.2416,0.4436
1055,0.3144,0.2428,0.4428
1056,0.3148,0.2416,0.4436
1057,0.314,0.242,0.444
1058,0.3128,0.2428,0.4444
1059,0.3144,0.2404,0.4452
1060,0.3148,0.2408,0.4444
1061,0.314,0.2408,0.4452
1062,0.3136,0.2412,0.4452
1063,0.3144,0.24,0.4456
1064,0.3136,0.2408,0.4456
1065,0.3136,0.2404,0.446
1066,0.3128,0.2404,0.4468
1067,0.3124,0.2396,0.448
1068,0.3116,0.2392,0.4492
1069,0.31,0.2408,0.4492
1070,0.3088,0.2408,0.4504
1071,0.3088,0.2416,0.4496
1072,0.3088,0.2408,0.4504
1073,0.3084,0.24,0.4516
1074,0.31,0.2392,0.4508
1075,0.3104,0.2388,0.4508
1076,0.3092,0.2396,0.4512
1077,0.3084,0.24,0.4516
1078,0.3096,0.2388,0.4516
1079,0.3092,0.2384,0.4524
1080,0.3088,0.2392,0.452
1081,0.3092,0.2388,0.452
1082,0.3084,0.238,0.4536
1083,0.3076,0.238,0.4544
1084,0.3076,0.2384,0.454
1085,0.3076,0.2388,0.4536
1086,0.3104,0.2368,0.4528
1087,0.3112,0.236,0.4528
1088,0.3104,0.2368,0.4528
1089,0.31,0.2372,0.4528
1090,0.31,0.2356,0.4544
1091,0.3112,0.2344,0.4544
1092,0.31,0.234,0.456
1093,0.3112,0.232,0.4568
1094,0.3124,0.2316,0.456
1095,0.3132,0.2308,0.456
1096,0.3152,0.23,0.4548
1097,0.3156,0.2296,0.4548
1098,0.3152,0.23,0.4548
1099,0.3164,0.2292,0.4544
1100,0.3172,0.2276,0.4552
1101,0.3176,0.2268,0.4556
1102,0.3184,0.2256,0.456
1103,0.3172,0.226,0.4568
1104,0.316,0.2268,0.4572
1105,0.3176,0.2268,0.4556
1106,0.3176,0.226,0.4564
1107,0.3172,0.228,0.4548
1108,0.3192,0.2276,0.4532
1109,0.318,0.2268,0.4552
1110,0.318,0.2256,0.4564
1111,0.316,0.226,0.458
1112,0.3176,0.2256,0.4568
1113,0.3176,0.2268,0.4556
1114,0.3176,0.2272,0.4552
1115,0.3164,0.2272,0.4564
1116,0.3164,0.2264,0.4572
1117,0.3168,0.2268,0.4564
1118,0.3168,0.226,0.4572
1119,0.3164,0.226,0.4576
1120,0.3152,0.2284,0.4564
1121,0.3164,0.2288,0.4548
1122,0.3176,0.2276,0.4548
1123,0.3176,0.2276,0.4548
1124,0.3168,0.2276,0.4556
1125,0.316,0.2296,0.4544
1126,0.316,0.2288,0.4552
1127,0.316,0.2292,0.4548
1128,0.3156,0.2292,0.4552
1129,0.3156,0.2304,0.454
1130,0.3164,0.2304,0.4532
1131,0.3168,0.2312,0.452
1132,0.3152,0.2324,0.4524
1133,0.316,0.2332,0.4508
1134,0.3148,0.2336,0.4516
1135,0.314,0.2344,0.4516
1136,0.312,0.236,0.452
1137,0.3116,0.238,0.4504
1138,0.3108,0.2384,0.4508
1139,0.3132,0.238,0.4488
1140,0.3136,0.2416,0.4448
1141,0.3136,0.2436,0.4428
1142,0.314,0.2448,0.4412
1143,0.3136,0.2472,0.4392
1144,0.3124,0.2488,0.4388
1145,0.3128,0.2492,0.438
1146,0.312,0.2508,0.4372
1147,0.3116,0.252,0.4364
1148,0.3116,0.2532,0.4352
1149,0.3108,0.2544,0.4348
1150,0.3096,0.254,0.4364
1151,0.3092,0.2552,0.4356
1152,0.3088,0.2568,0.4344
1153,0.3068,0.2576,0.4356
1154,0.3056,0.26,0.4344
1155,0.3044,0.26,0.4356
1156,0.3056,0.2592,0.4352
1157,0.306,0.26,0.434
1158,0.306,0.2596,0.4344
1159,0.3052,0.2596,0.4352
1160,0.306,0.2604,0.4336
1161,0.3052,0.2604,0.4344
1162,0.3056,0.262,0.4324
1163,0.304,0.2624,0.4336
1164,0.3036,0.2624,0.434
1165,0.3032,0.2628,0.434
1166,0.3016,0.2632,0.4352
1167,0.3012,0.2644,0.4344
1168,0.3004,0.264,0.4356
1169,0.298,0.2648,0.4372
1170,0.2972,0.2656,0.4372
1171,0.2964,0.2668,0.4368
1172,0.2956,0.2688,0.4356
1173,0.2944,0.2684,0.4372
1174,0.2932,0.2708,0.436
1175,0.2932,0.2712,0.4356
1176,0.2932,0.2712,0.4356
1177,0.292,0.272,0.436
1178,0.2908,0.2724,0.4368
1179,0.2888,0.2736,0.4376
1180,0.2876,0.2744,0.438
1181,0.2848,0.276,0.4392
1182,0.282,0.2772,0.4408
1183,0.2808,0.2768,0.4424
1184,0.2816,0.2772,0.4412
1185,0.2812,0.2772,0.4416
1186,0.2796,0.2772,0.4432
1187,0.2768,0.2792,0.444
1188,0.2756,0.2784,0.446
1189,0.2736,0.2772,0.4492
1190,0.2708,0.278,0.4512
1191,0.268,0.2788,0.4532
1192,0.2668,0.2796,0.4536
1193,0.266,0.2788,0.4552
1194,0.2644,0.2796,0.456
1195,0.262,0.2792,0.4588
1196,0.2604,0.28,0.4596
1197,0.2576,0.28,0.4624
1198,0.2552,0.2808,0.464
1199,0.2548,0.2812,0.464
1200,0.254,0.2824,0.4636
1201,0.2512,0.284,0.4648
1202,0.25,0.2848,0.4652
1203,0.2484,0.2852,0.4664
1204,0.2472,0.2868,0.466
1205,0.246,0.2868,0.4672
1206,0.2436,0.2872,0.4692
1207,0.242,0.2868,0.4712
1208,0.2416,0.2868,0.4716
1209,0.2392,0.2888,0.472
1210,0.2384,0.2884,0.4732
1211,0.2384,0.2892,0.4724
1212,0.2364,0.29,0.4736
1213,0.2352,0.2908,0.474
1214,0.2356,0.2916,0.4728
1215,0.2352,0.2928,0.472
1216,0.2348,0.294,0.4712
1217,0.2348,0.2948,0.4704
1218,0.234,0.2956,0.4704
1219,0.234,0.2952,0.4708
1220,0.2336,0.2952,0.4712
1221,0.234,0.2944,0.4716
1222,0.2328,0.2944,0.4728
1223,0.2328,0.2936,0.4736
1224,0.2316,0.2944,0.474
1225,0.232,0.2948,0.4732
1226,0.23,0.2972,0.4728
1227,0.2312,0.2968,0.472
1228,0.2304,0.2976,0.472
1229,0.2304,0.2988,0.4708
1230,0.2292,0.3012,0.4696
1231,0.2296,0.3016,0.4688
1232,0.2284,0.3032,0.4684
1233,0.2268,0.3048,0.4684
1234,0.228,0.3028,0.4692
1235,0.228,0.3024,0.4696
1236,0.228,0.3036,0.4684
1237,0.2272,0.304,0.4688
1238,0.228,0.3032,0.4688
1239,0.2272,0.3036,0.4692
1240,0.2268,0.3044,0.4688
1241,0.226,0.306,0.468
1242,0.2264,0.3056,0.468
1243,0.226,0.306,0.468
1244,0.2248,0.3072,0.468
1245,0.2236,0.3084,0.468
1246,0.2224,0.31,0.4676
1247,0.2224,0.312,0.4656
1248,0.2228,0.3128,0.4644
1249,0.2236,0.312,0.4644
1250,0.2244,0.3116,0.464
1251,0.2236,0.3124,0.464
1252,0.2212,0.3136,0.4652
1253,0.222,0.3132,0.4648
1254,0.2224,0.3132,0.4644
1255,0.2228,0.3132,0.464
1256,0.222,0.3148,0.4632
1257,0.2216,0.3156,0.4628
1258,0.2216,0.3164,0.462
1259,0.2208,0.3168,0.4624
1260,0.2196,0.3176,0.4628
1261,0.2196,0.3184,0.462
1262,0.2196,0.3184,0.462
1263,0.2196,0.3196,0.4608
1264,0.22,0.32,0.46
1265,0.22,0.3228,0.4572
1266,0.22,0.324,0.456
1267,0.2196,0.3248,0.4556
1268,0.2192,0.3244,0.4564
1269,0.2188,0.3248,0.4564
1270,0.2188,0.3248,0.4564
1271,0.2172,0.3276,0.4552
1272,0.2172,0.328,0.4548
1273,0.2188,0.328,0.4532
1274,0.2196,0.3272,0.4532
1275,0.218,0.3276,0.4544
1276,0.2176,0.3292,0.4532
1277,0.2176,0.3308,0.4516
1278,0.218,0.3312,0.4508
1279,0.218,0.3328,0.4492
1280,0.2164,0.334,0.4496
1281,0.216,0.336,0.448
1282,0.2168,0.3372,0.446
1283,0.2168,0.3368,0.4464
1284,0.2144,0.338,0.4476
1285,0.2148,0.3392,0.446
1286,0.2148,0.34,0.4452
1287,0.2152,0.3412,0.4436
1288,0.2148,0.3416,0.4436
1289,0.214,0.3424,0.4436
1290,0.214,0.346,0.44
1291,0.2144,0.3476,0.438
1292,0.2144,0.3492,0.4364
1293,0.2136,0.3484,0.438
1294,0.2144,0.348,0.4376
1295,0.214,0.3496,0.4364
1296,0.2144,0.3504,0.4352
1297,0.2136,0.354,0.4324
1298,0.214,0.3564,0.4296
1299,0.2136,0.3568,0.4296
1300,0.2132,0.3584,0.4284
1301,0.2132,0.3612,0.4256
1302,0.2128,0.3632,0.424
1303,0.2116,0.3644,0.424
1304,0.2116,0.3664,0.422
1305,0.212,0.3676,0.4204
1306,0.2112,0.3696,0.4192
1307,0.2108,0.3704,0.4188
1308,0.2108,0.3708,0.4184
1309,0.2108,0.372,0.4172
1310,0.21,0.3752,0.4148
1311,0.21,0.376,0.414
1312,0.2096,0.3772,0.4132
1313,0.2104,0.378,0.4116
1314,0.21,0.38,0.41
1315,0.21,0.38,0.41
1316,0.2112,0.3804,0.4084
1317,0.2112,0.3804,0.4084
1318,0.2116,0.3808,0.4076
1319,0.2112,0.3824,0.4064
1320,0.2096,0.3824,0.408
1321,0.2092,0.3844,0.4064
1322,0.2092,0.3844,0.4064
1323,0.2092,0.3848,0.406
1324,0.2088,0.3872,0.404
1325,0.208,0.3884,0.4036
1326,0.2076,0.3884,0.404
1327,0.208,0.3884,0.4036
1328,0.208,0.3888,0.4032
1329,0.2064,0.3904,0.4032
1330,0.2056,0.3928,0.4016
1331,0.2056,0.394,0.4004
1332,0.2056,0.3952,0.3992
1333,0.2052,0.3972,0.3976
1334,0.2048,0.398,0.3972
1335,0.2048,0.3992,0.396
1336,0.2044,0.4016,0.394
1337,0.2028,0.4024,0.3948
1338,0.2028,0.4032,0.394
1339,0.2036,0.404,0.3924
1340,0.2044,0.4032,0.3924
1341,0.204,0.404,0.392
1342,0.2044,0.4052,0.3904
1343,0.204,0.4048,0.3912
1344,0.204,0.4048,0.3912
1345,0.204,0.4048,0.3912
1346,0.2036,0.4052,0.3912
1347,0.2032,0.4052,0.3916
1348,0.2028,0.4064,0.3908
1349,0.2032,0.4072,0.3896
1350,0.202,0.4084,0.3896
1351,0.2008,0.41,0.3892
1352,0.2012,0.4116,0.3872
1353,0.2008,0.4132,0.386
1354,0.1988,0.4132,0.388
1355,0.1964,0.4144,0.3892
1356,0.1976,0.4148,0.3876
1357,0.1972,0.4148,0.388
1358,0.1956,0.4168,0.3876
1359,0.1944,0.4176,0.388
1360,0.1936,0.4184,0.388
1361,0.1932,0.4188,0.388
1362,0.1936,0.4196,0.3868
1363,0.1932,0.42,0.3868
1364,0.1924,0.4204,0.3872
1365,0.1928,0.4216,0.3856
1366,0.1904,0.4232,0.3864
1367,0.1912,0.4228,0.386
1368,0.1884,0.4236,0.388
1369,0.1868,0.4244,0.3888
1370,0.186,0.4248,0.3892
1371,0.1848,0.4252,0.39
1372,0.184,0.426,0.39
1373,0.1836,0.4272,0.3892
1374,0.1832,0.4264,0.3904
1375,0.1836,0.4268,0.3896
1376,0.1824,0.428,0.3896
1377,0.1812,0.4272,0.3916
1378,0.1792,0.428,0.3928
1379,0.1792,0.4292,0.3916
1380,0.1784,0.43,0.3916
1381,0.1784,0.4304,0.3912
1382,0.1788,0.4304,0.3908
1383,0.1788,0.4312,0.39
1384,0.1788,0.432,0.3892
1385,0.1788,0.4324,0.3888
1386,0.1768,0.4328,0.3904
1387,0.176,0.434,0.39
1388,0.176,0.4352,0.3888
1389,0.1764,0.4356,0.388
1390,0.176,0.4364,0.3876
1391,0.1768,0.4356,0.3876
1392,0.1756,0.4368,0.3876
1393,0.176,0.4372,0.3868
1394,0.1756,0.4372,0.3872
1395,0.1752,0.4376,0.3872
1396,0.1752,0.4384,0.3864
1397,0.1748,0.4384,0.3868
1398,0.1752,0.4396,0.3852
1399,0.1748,0.4388,0.3864
1400,0.1748,0.4388,0.3864
1401,0.1748,0.4396,0.3856
1402,0.1752,0.44,0.3848
1403,0.1756,0.4392,0.3852
1404,0.1732,0.4424,0.3844
1405,0.1744,0.4436,0.382
1406,0.1736,0.444,0.3824
1407,0.174,0.4432,0.3828
1408,0.174,0.4448,0.3812
1409,0.1756,0.444,0.3804
1410,0.1764,0.4432,0.3804
1411,0.1756,0.4444,0.38
1412,0.176,0.444,0.38
1413,0.1764,0.4452,0.3784
1414,0.1752,0.446,0.3788
1415,0.1756,0.4452,0.3792
1416,0.1756,0.4448,0.3796
1417,0.1744,0.446,0.3796
1418,0.1748,0.4456,0.3796
1419,0.1748,0.446,0.3792
1420,0.176,0.446,0.378
1421,0.1748,0.4472,0.378
1422,0.1756,0.4476,0.3768
1423,0.176,0.446,0.378
1424,0.176,0.4476,0.3764
1425,0.1768,0.4468,0.3764
1426,0.1764,0.4476,0.376
1427,0.1764,0.4488,0.3748
1428,0.178,0.4492,0.3728
1429,0.1788,0.4484,0.3728
1430,0.178,0.4492,0.3728
1431,0.1792,0.452,0.3688
1432,0.1816,0.45,0.3684
1433,0.1824,0.45,0.3676
1434,0.1828,0.4496,0.3676
1435,0.182,0.4496,0.3684
1436,0.1832,0.4508,0.366
1437,0.1856,0.4496,0.3648
1438,0.186,0.4492,0.3648
1439,0.186,0.4492,0.3648
1440,0.1852,0.4504,0.3644
1441,0.1884,0.4484,0.3632
1442,0.1896,0.4468,0.3636
1443,0.1888,0.4468,0.3644
1444,0.1888,0.4472,0.364
1445,0.19,0.4476,0.3624
1446,0.1896,0.4472,0.3632
1447,0.1912,0.4456,0.3632
1448,0.1948,0.4436,0.3616
1449,0.1964,0.4432,0.3604
1450,0.1984,0.442,0.3596
1451,0.2012,0.44,0.3588
1452,0.2028,0.4396,0.3576
1453,0.2024,0.4396,0.358
1454,0.202,0.4408,0.3572
1455,0.204,0.44,0.356
1456,0.2076,0.4372,0.3552
1457,0.208,0.438,0.354
1458,0.2088,0.4404,0.3508
1459,0.2088,0.4404,0.3508
1460,0.21,0.4396,0.3504
1461,0.2112,0.4396,0.3492
1462,0.2124,0.4376,0.35
1463,0.2136,0.4376,0.3488
1464,0.2144,0.4368,0.3488
1465,0.2148,0.4364,0.3488
1466,0.2168,0.4352,0.348
1467,0.2176,0.4352,0.3472
1468,0.2192,0.4356,0.3452
1469,0.2204,0.4348,0.3448
1470,0.2204,0.436,0.3436
1471,0.222,0.4352,0.3428
1472,0.2228,0.436,0.3412
1473,0.2228,0.4356,0.3416
1474,0.2232,0.436,0.3408
1475,0.2236,0.4392,0.3372
1476,0.2252,0.4388,0.336
1477,0.2256,0.438,0.3364
1478,0.2264,0.4368,0.3368
1479,0.2252,0.4392,0.3356
1480,0.226,0.4408,0.3332
1481,0.2264,0.4408,0.3328
1482,0.226,0.442,0.332
1483,0.2264,0.4416,0.332
1484,0.2264,0.4416,0.332
1485,0.228,0.4408,0.3312
1486,0.2284,0.4412,0.3304
1487,0.2288,0.4424,0.3288
1488,0.2304,0.4416,0.328
1489,0.2328,0.4404,0.3268
1490,0.2328,0.44,0.3272
1491,0.2328,0.4412,0.326
1492,0.2312,0.4436,0.3252
1493,0.2316,0.4456,0.3228
1494,0.2324,0.446,0.3216
1495,0.232,0.4464,0.3216
1496,0.234,0.4464,0.3196
1497,0.2344,0.4464,0.3192
1498,0.236,0.4468,0.3172
1499,0.2364,0.4476,0.316
1500,0.2384,0.4476,0.314
1501,0.2392,0.4484,0.3124
1502,0.2396,0.4496,0.3108
1503,0.2396,0.4512,0.3092
1504,0.2404,0.452,0.3076
1505,0.2412,0.4532,0.3056
1506,0.2424,0.4532,0.3044
1507,0.242,0.4548,0.3032
1508,0.2416,0.4568,0.3016
1509,0.2424,0.4568,0.3008
1510,0.2432,0.4568,0.3
1511,0.2444,0.4568,0.2988
1512,0.2448,0.4572,0.298
1513,0.2448,0.4608,0.2944
1514,0.246,0.4624,0.2916
1515,0.246,0.4652,0.2888
1516,0.2472,0.4656,0.2872
1517,0.2492,0.4644,0.2864
1518,0.2488,0.4684,0.2828
1519,0.2504,0.468,0.2816
1520,0.2504,0.47,0.2796
1521,0.2504,0.4728,0.2768
1522,0.25,0.4764,0.2736
1523,0.2508,0.4764,0.2728
1524,0.2504,0.4788,0.2708
1525,0.2516,0.4812,0.2672
1526,0.2512,0.4836,0.2652
1527,0.252,0.4844,0.2636
1528,0.2528,0.4856,0.2616
1529,0.2544,0.4868,0.2588
1530,0.2548,0.488,0.2572
1531,0.2556,0.4896,0.2548
1532,0.2568,0.4912,0.252
1533,0.2572,0.4952,0.2476
1534,0.258,0.496,0.246
1535,0.2584,0.498,0.2436
1536,0.2596,0.5,0.2404
1537,0.2604,0.5008,0.2388
1538,0.262,0.502,0.236
1539,0.2616,0.504,0.2344
1540,0.262,0.51,0.228
1541,0.262,0.5112,0.2268
1542,0.2616,0.514,0.2244
1543,0.2632,0.5132,0.2236
1544,0.2632,0.514,0.2228
1545,0.2636,0.516,0.2204
1546,0.2656,0.5156,0.2188
1547,0.266,0.516,0.218
1548,0.266,0.5156,0.2184
1549,0.2668,0.5164,0.2168
1550,0.2676,0.5152,0.2172
1551,0.2676,0.5164,0.216
1552,0.268,0.5168,0.2152
1553,0.27,0.5156,0.2144
1554,0.2704,0.5156,0.214
1555,0.2708,0.5176,0.2116
1556,0.2724,0.5172,0.2104
1557,0.2732,0.5176,0.2092
1558,0.2732,0.518,0.2088
1559,0.2744,0.5176,0.208
1560,0.2748,0.518,0.2072
1561,0.2748,0.5176,0.2076
1562,0.2756,0.5176,0.2068
1563,0.2748,0.518,0.2072
1564,0.2764,0.5176,0.206
1565,0.2772,0.5172,0.2056
1566,0.278,0.5164,0.2056
1567,0.2784,0.516,0.2056
1568,0.2796,0.5164,0.204
1569,0.2808,0.5164,0.2028
1570,0.2812,0.5172,0.2016
1571,0.2836,0.5156,0.2008
1572,0.2836,0.5168,0.1996
1573,0.2844,0.5156,0.2
1574,0.284,0.5168,0.1992
1575,0.284,0.5172,0.1988
1576,0.284,0.5172,0.1988
1577,0.2856,0.5168,0.1976
1578,0.286,0.5164,0.1976
1579,0.2872,0.5148,0.198
1580,0.2884,0.5152,0.1964
1581,0.2884,0.516,0.1956
1582,0.2888,0.5164,0.1948
1583,0.2896,0.516,0.1944
1584,0.2904,0.5164,0.1932
1585,0.2908,0.5164,0.1928
1586,0.2908,0.5164,0.1928
1587,0.2924,0.516,0.1916
1588,0.292,0.516,0.192
1589,0.2932,0.5148,0.192
1590,0.2952,0.514,0.1908
1591,0.2952,0.5144,0.1904
1592,0.2952,0.5144,0.1904
1593,0.2964,0.5148,0.1888
1594,0.2972,0.5148,0.188
1595,0.2992,0.5136,0.1872
1596,0.2996,0.5136,0.1868
1597,0.2996,0.514,0.1864
1598,0.3004,0.514,0.1856
1599,0.2996,0.5156,0.1848
1600,0.2992,0.5152,0.1856
1601,0.3012,0.5136,0.1852
1602,0.302,0.5132,0.1848
1603,0.3028,0.5128,0.1844
1604,0.304,0.514,0.182
1605,0.3056,0.5128,0.1816
1606,0.3056,0.5132,0.1812
1607,0.3068,0.5124,0.1808
1608,0.3076,0.5116,0.1808
1609,0.3088,0.5116,0.1796
1610,0.3092,0.5128,0.178
1611,0.3104,0.5128,0.1768
1612,0.3116,0.5124,0.176
1613,0.312,0.5132,0.1748
1614,0.3128,0.5132,0.174
1615,0.3144,0.5128,0.1728
1616,0.316,0.5112,0.1728
1617,0.3164,0.512,0.1716
1618,0.318,0.5116,0.1704
1619,0.3196,0.5104,0.17
1620,0.3196,0.5116,0.1688
1621,0.32,0.5124,0.1676
1622,0.32,0.5128,0.1672
1623,0.3208,0.5128,0.1664
1624,0.3216,0.5136,0.1648
1625,0.3232,0.5124,0.1644
1626,0.324,0.5132,0.1628
1627,0.3252,0.5128,0.162
1628,0.3284,0.5104,0.1612
1629,0.3296,0.5124,0.158
1630,0.33,0.514,0.156
1631,0.3308,0.5132,0.156
1632,0.3308,0.5132,0.156
1633,0.332,0.5116,0.1564
1634,0.3336,0.512,0.1544
1635,0.3356,0.5108,0.1536
1636,0.3376,0.5112,0.1512
1637,0.3392,0.5108,0.15
1638,0.3408,0.51,0.1492
1639,0.3412,0.5104,0.1484
1640,0.3436,0.5088,0.1476
1641,0.344,0.5084,0.1476
1642,0.3444,0.5092,0.1464
1643,0.3448,0.5088,0.1464
1644,0.3476,0.5068,0.1456
1645,0.3504,0.5044,0.1452
1646,0.3516,0.5044,0.144
1647,0.3532,0.5028,0.144
1648,0.3552,0.502,0.1428
1649,0.3568,0.5016,0.1416
1650,0.358,0.5004,0.1416
1651,0.3604,0.4984,0.1412
1652,0.3628,0.4968,0.1404
1653,0.3636,0.4972,0.1392
1654,0.3656,0.4956,0.1388
1655,0.368,0.4928,0.1392
1656,0.3708,0.4908,0.1384
1657,0.3724,0.49,0.1376
1658,0.374,0.4884,0.1376
1659,0.3752,0.4876,0.1372
1660,0.376,0.4876,0.1364
1661,0.3772,0.4876,0.1352
1662,0.3784,0.4876,0.134
1663,0.3788,0.4864,0.1348
1664,0.3816,0.4828,0.1356
1665,0.3828,0.4824,0.1348
1666,0.3828,0.4828,0.1344
1667,0.386,0.48,0.134
1668,0.386,0.48,0.134
1669,0.386,0.4816,0.1324
1670,0.3896,0.48,0.1304
1671,0.39,0.4792,0.1308
1672,0.3908,0.478,0.1312
1673,0.394,0.4768,0.1292
1674,0.3956,0.4748,0.1296
1675,0.3964,0.474,0.1296
1676,0.3976,0.474,0.1284
1677,0.398,0.4744,0.1276
1678,0.3984,0.4748,0.1268
1679,0.4,0.4736,0.1264
1680,0.4024,0.4712,0.1264
1681,0.404,0.4696,0.1264
1682,0.4052,0.4688,0.126
1683,0.4072,0.4664,0.1264
1684,0.408,0.4652,0.1268
1685,0.408,0.466,0.126
1686,0.408,0.4652,0.1268
1687,0.4084,0.4648,0.1268
1688,0.4104,0.4632,0.1264
1689,0.4116,0.4628,0.1256
1690,0.4124,0.4632,0.1244
1691,0.414,0.4624,0.1236
1692,0.4144,0.4612,0.1244
1693,0.4152,0.4608,0.124
1694,0.4168,0.4592,0.124
1695,0.4172,0.4592,0.1236
1696,0.418,0.4572,0.1248
1697,0.4204,0.4548,0.1248
1698,0.4248,0.4516,0.1236
1699,0.426,0.4524,0.1216
1700,0.4264,0.4516,0.122
1701,0.426,0.4528,0.1212
1702,0.4264,0.452,0.1216
1703,0.4256,0.4516,0.1228
1704,0.4268,0.45,0.1232
1705,0.4276,0.4484,0.124
1706,0.4284,0.4476,0.124
1707,0.4284,0.4468,0.1248
1708,0.428,0.4484,0.1236
1709,0.4296,0.4472,0.1232
1710,0.4308,0.4468,0.1224
1711,0.4328,0.4448,0.1224
1712,0.4352,0.4428,0.122
1713,0.4352,0.442,0.1228
1714,0.4372,0.4404,0.1224
1715,0.4376,0.44,0.1224
1716,0.438,0.4384,0.1236
1717,0.438,0.438,0.124
1718,0.4388,0.4368,0.1244
1719,0.4404,0.4356,0.124
1720,0.44,0.4344,0.1256
1721,0.4412,0.4324,0.1264
1722,0.4408,0.4324,0.1268
1723,0.4424,0.4312,0.1264
1724,0.4416,0.432,0.1264
1725,0.4424,0.4312,0.1264
1726,0.4436,0.4296,0.1268
1727,0.4448,0.4296,0.1256
1728,0.444,0.4292,0.1268
1729,0.4464,0.4272,0.1264
1730,0.4484,0.4256,0.126
1731,0.4492,0.4252,0.1256
1732,0.4516,0.422,0.1264
1733,0.4524,0.4208,0.1268
1734,0.452,0.4204,0.1276
1735,0.452,0.4208,0.1272
1736,0.452,0.4204,0.1276
1737,0.4524,0.4196,0.128
1738,0.4508,0.4192,0.13
1739,0.4532,0.4168,0.13
1740,0.4524,0.4164,0.1312
1741,0.4524,0.416,0.1316
1742,0.4532,0.414,0.1328
1743,0.4528,0.4144,0.1328
1744,0.4532,0.4136,0.1332
1745,0.4536,0.412,0.1344
1746,0.4532,0.412,0.1348
1747,0.4544,0.4092,0.1364
1748,0.4552,0.408,0.1368
1749,0.4568,0.406,0.1372
1750,0.4588,0.4036,0.1376
1751,0.46,0.402,0.138
1752,0.4596,0.4012,0.1392
1753,0.4572,0.402,0.1408
1754,0.4564,0.4004,0.1432
1755,0.4568,0.3992,0.144
1756,0.4576,0.3984,0.144
1757,0.4564,0.3976,0.146
1758,0.4532,0.398,0.1488
1759,0.4536,0.3948,0.1516
1760,0.4548,0.3928,0.1524
1761,0.4564,0.3912,0.1524
1762,0.4556,0.3904,0.154
1763,0.4548,0.39,0.1552
1764,0.454,0.3896,0.1564
1765,0.4544,0.388,0.1576
1766,0.4544,0.3868,0.1588
1767,0.4544,0.3852,0.1604
1768,0.4548,0.3844,0.1608
1769,0.4556,0.3828,0.1616
1770,0.4552,0.3824,0.1624
1771,0.456,0.3812,0.1628
1772,0.4544,0.3816,0.164
1773,0.4544,0.3796,0.166
1774,0.4536,0.3792,0.1672
1775,0.456,0.376,0.168
1776,0.4548,0.376,0.1692
1777,0.4552,0.376,0.1688
1778,0.4552,0.3752,0.1696
1779,0.4564,0.3724,0.1712
1780,0.4576,0.3708,0.1716
1781,0.4568,0.37,0.1732
1782,0.4572,0.3692,0.1736
1783,0.4576,0.3684,0.174
1784,0.46,0.3664,0.1736
1785,0.4608,0.364,0.1752
1786,0.4616,0.3624,0.176
1787,0.4624,0.3608,0.1768
1788,0.4628,0.3604,0.1768
1789,0.4648,0.3576,0.1776
1790,0.4648,0.3568,0.1784
1791,0.4648,0.3556,0.1796
1792,0.4656,0.3544,0.18
1793,0.466,0.3536,0.1804
1794,0.4668,0.352,0.1812
1795,0.4656,0.3512,0.1832
1796,0.4664,0.3504,0.1832
1797,0.468,0.348,0.184
1798,0.4684,0.3464,0.1852
1799,0.4684,0.3448,0.1868
1800,0.4696,0.3436,0.1868
1801,0.4704,0.3428,0.1868
1802,0.47,0.342,0.188
1803,0.472,0.3392,0.1888
1804,0.472,0.3384,0.1896
1805,0.4736,0.3372,0.1892
1806,0.4744,0.3352,0.1904
1807,0.4736,0.3352,0.1912
1808,0.4772,0.332,0.1908
1809,0.4772,0.3304,0.1924
1810,0.4776,0.3284,0.194
1811,0.4784,0.3268,0.1948
1812,0.4788,0.3256,0.1956
1813,0.4796,0.3244,0.196
1814,0.4808,0.3228,0.1964
1815,0.4816,0.3204,0.198
1816,0.4828,0.3196,0.1976
1817,0.4836,0.318,0.1984
1818,0.4844,0.3172,0.1984
1819,0.4848,0.316,0.1992
1820,0.4852,0.3144,0.2004
1821,0.4848,0.3132,0.202
1822,0.4856,0.3112,0.2032
1823,0.4872,0.3088,0.204
1824,0.4896,0.306,0.2044
1825,0.49,0.3056,0.2044
1826,0.492,0.306,0.202
1827,0.4968,0.3012,0.202
1828,0.4968,0.3,0.2032
1829,0.4968,0.2988,0.2044
1830,0.4976,0.2972,0.2052
1831,0.4988,0.2948,0.2064
1832,0.4984,0.2944,0.2072
1833,0.5004,0.2924,0.2072
1834,0.5008,0.2904,0.2088
1835,0.5016,0.2888,0.2096
1836,0.5028,0.2864,0.2108
1837,0.5024,0.2856,0.212
1838,0.504,0.2836,0.2124
1839,0.5056,0.2812,0.2132
1840,0.5072,0.2776,0.2152
1841,0.5092,0.2752,0.2156
1842,0.5112,0.2736,0.2152
1843,0.512,0.2708,0.2172
1844,0.5132,0.2684,0.2184
1845,0.5136,0.2676,0.2188
1846,0.516,0.2664,0.2176
1847,0.5164,0.2652,0.2184
1848,0.5196,0.2612,0.2192
1849,0.5192,0.2608,0.22
1850,0.52,0.2592,0.2208
1851,0.5204,0.2572,0.2224
1852,0.5232,0.2544,0.2224
1853,0.5264,0.2508,0.2228
1854,0.5276,0.248,0.2244
1855,0.5308,0.244,0.2252
1856,0.534,0.2408,0.2252
1857,0.5344,0.2388,0.2268
1858,0.538,0.234,0.228
1859,0.5392,0.2316,0.2292
1860,0.5432,0.2264,0.2304
1861,0.5448,0.2244,0.2308
1862,0.546,0.2228,0.2312
1863,0.5476,0.2208,0.2316
1864,0.5492,0.2176,0.2332
1865,0.5508,0.2156,0.2336
1866,0.5524,0.2128,0.2348
1867,0.5556,0.21,0.2344
1868,0.558,0.2064,0.2356
1869,0.56,0.2032,0.2368
1870,0.5604,0.2028,0.2368
1871,0.564,0.1992,0.2368
1872,0.5668,0.1964,0.2368
1873,0.5684,0.1944,0.2372
1874,0.5696,0.1908,0.2396
1875,0.5736,0.186,0.2404
1876,0.578,0.1804,0.2416
1877,0.5796,0.1776,0.2428
1878,0.582,0.1752,0.2428
1879,0.5848,0.172,0.2432
1880,0.5876,0.1688,0.2436
1881,0.592,0.1644,0.2436
1882,0.5948,0.16,0.2452
1883,0.5948,0.1588,0.2464
1884,0.5964,0.156,0.2476
1885,0.5984,0.1528,0.2488
1886,0.5992,0.1516,0.2492
1887,0.5984,0.1524,0.2492
1888,0.5972,0.1528,0.25
1889,0.5976,0.1516,0.2508
1890,0.5984,0.15,0.2516
1891,0.5976,0.1504,0.252
1892,0.5988,0.1484,0.2528
1893,0.5968,0.1488,0.2544
1894,0.5976,0.1476,0.2548
1895,0.598,0.1464,0.2556
1896,0.5996,0.1444,0.256
1897,0.598,0.1436,0.2584
1898,0.598,0.1432,0.2588
1899,0.5972,0.1428,0.26
1900,0.5972,0.142,0.2608
1901,0.5964,0.1412,0.2624
1902,0.5968,0.14,0.2632
1903,0.5952,0.1392,0.2656
1904,0.5956,0.1388,0.2656
1905,0.5956,0.138,0.2664
1906,0.5952,0.1364,0.2684
1907,0.5956,0.136,0.2684
1908,0.5968,0.1344,0.2688
1909,0.5984,0.132,0.2696
1910,0.598,0.1324,0.2696
1911,0.598,0.132,0.27
1912,0.5972,0.132,0.2708
1913,0.5948,0.1328,0.2724
1914,0.5928,0.1336,0.2736
1915,0.594,0.1324,0.2736
1916,0.5936,0.1312,0.2752
1917,0.5932,0.1308,0.276
1918,0.5932,0.1304,0.2764
1919,0.5928,0.1296,0.2776
1920,0.5924,0.1296,0.278
1921,0.5928,0.128,0.2792
1922,0.592,0.128,0.28
1923,0.5924,0.1264,0.2812
1924,0.5924,0.1256,0.282
1925,0.5924,0.1244,0.2832
1926,0.5928,0.1244,0.2828
1927,0.592,0.1236,0.2844
1928,0.5924,0.1228,0.2848
1929,0.5932,0.122,0.2848
1930,0.5912,0.122,0.2868
1931,0.5908,0.1216,0.2876
1932,0.5904,0.1204,0.2892
1933,0.5916,0.1192,0.2892
1934,0.592,0.1188,0.2892
1935,0.5912,0.1192,0.2896
1936,0.5888,0.1188,0.2924
1937,0.5872,0.1176,0.2952
1938,0.5864,0.1172,0.2964
1939,0.5852,0.1176,0.2972
1940,0.5856,0.116,0.2984
1941,0.584,0.116,0.3
1942,0.5832,0.1156,0.3012
1943,0.5828,0.1156,0.3016
1944,0.5828,0.1152,0.302
1945,0.5816,0.1144,0.304
1946,0.5812,0.114,0.3048
1947,0.5816,0.1136,0.3048
1948,0.5816,0.1128,0.3056
1949,0.5804,0.112,0.3076
1950,0.5804,0.1104,0.3092
1951,0.5788,0.1104,0.3108
1952,0.578,0.1108,0.3112
1953,0.5776,0.1104,0.312
1954,0.5772,0.1104,0.3124
1955,0.5776,0.11,0.3124
1956,0.5756,0.1092,0.3152
1957,0.5744,0.1088,0.3168
1958,0.5736,0.1088,0.3176
1959,0.5736,0.1096,0.3168
1960,0.5716,0.108,0.3204
1961,0.5708,0.1076,0.3216
1962,0.5716,0.1064,0.322
1963,0.572,0.106,0.322
1964,0.57,0.106,0.324
1965,0.57,0.1056,0.3244
1966,0.5692,0.1056,0.3252
1967,0.568,0.1056,0.3264
1968,0.5664,0.1036,0.33
1969,0.5644,0.1036,0.332
1970,0.5636,0.1044,0.332
1971,0.5636,0.1036,0.3328
1972,0.5624,0.102,0.3356
1973,0.5604,0.1016,0.338
1974,0.5588,0.1012,0.34
1975,0.558,0.1008,0.3412
1976,0.5576,0.1012,0.3412
1977,0.556,0.1016,0.3424
1978,0.5548,0.1012,0.344
1979,0.5532,0.102,0.3448
1980,0.5524,0.102,0.3456
1981,0.5528,0.1012,0.346
1982,0.5512,0.1008,0.348
1983,0.5512,0.1,0.3488
1984,0.5504,0.1008,0.3488
1985,0.5504,0.1,0.3496
1986,0.5492,0.0992,0.3516
1987,0.5464,0.0992,0.3544
1988,0.5456,0.0992,0.3552
1989,0.5428,0.0992,0.358
1990,0.542,0.0984,0.3596
1991,0.5416,0.0976,0.3608
1992,0.5412,0.0972,0.3616
1993,0.54,0.0972,0.3628
1994,0.5396,0.098,0.3624
1995,0.5376,0.0972,0.3652
1996,0.5348,0.096,0.3692
1997,0.5324,0.0956,0.372
1998,0.5292,0.0948,0.376
1999,0.5264,0.0948,0.3788
2000,0.5244,0.0952,0.3804
2001,0.5232,0.0956,0.3812
2002,0.5212,0.096,0.3828
2003,0.5188,0.0968,0.3844
2004,0.518,0.0964,0.3856
2005,0.5144,0.0964,0.3892
2006,0.5116,0.0956,0.3928
2007,0.5092,0.0948,0.396
2008,0.5072,0.0944,0.3984
2009,0.506,0.094,0.4
2010,0.504,0.0944,0.4016
2011,0.5024,0.094,0.4036
2012,0.5012,0.0944,0.4044
2013,0.5,0.094,0.406
2014,0.4984,0.0936,0.408
2015,0.4972,0.094,0.4088
2016,0.4952,0.0948,0.41
2017,0.4928,0.0944,0.4128
2018,0.492,0.0936,0.4144
2019,0.4916,0.0924,0.416
2020,0.4904,0.092,0.4176
2021,0.4876,0.0916,0.4208
2022,0.4852,0.0916,0.4232
2023,0.4828,0.0932,0.424
2024,0.482,0.0936,0.4244
2025,0.4792,0.0936,0.4272
2026,0.478,0.094,0.428
2027,0.4764,0.0944,0.4292
2028,0.4748,0.0948,0.4304
2029,0.4736,0.094,0.4324
2030,0.4708,0.0932,0.436
2031,0.4704,0.0932,0.4364
2032,0.47,0.0928,0.4372
2033,0.4684,0.0928,0.4388
2034,0.4664,0.0928,0.4408
2035,0.4648,0.0928,0.4424
2036,0.4632,0.0924,0.4444
2037,0.4616,0.0932,0.4452
2038,0.4608,0.0932,0.446
2039,0.4588,0.094,0.4472
2040,0.4564,0.0936,0.45
2041,0.456,0.0936,0.4504
2042,0.4556,0.0932,0.4512
2043,0.454,0.0928,0.4532
2044,0.4528,0.094,0.4532
2045,0.4504,0.0948,0.4548
2046,0.4484,0.0956,0.456
2047,0.4472,0.0952,0.4576
2048,0.4464,0.096,0.4576
2049,0.4452,0.096,0.4588
2050,0.444,0.0956,0.4604
2051,0.4408,0.0956,0.4636
2052,0.4392,0.0952,0.4656
2053,0.4376,0.0952,0.4672
2054,0.4356,0.0956,0.4688
2055,0.4332,0.096,0.4708
2056,0.4316,0.0956,0.4728
2057,0.4316,0.096,0.4724
2058,0.43,0.0968,0.4732
2059,0.4296,0.096,0.4744
2060,0.428,0.096,0.476
2061,0.4268,0.096,0.4772
2062,0.4248,0.0964,0.4788
2063,0.4228,0.0968,0.4804
2064,0.4204,0.0976,0.482
2065,0.4212,0.098,0.4808
2066,0.4216,0.0984,0.48
2067,0.4196,0.0988,0.4816
2068,0.4192,0.0988,0.482
2069,0.416,0.0984,0.4856
2070,0.4148,0.098,0.4872
2071,0.4116,0.0976,0.4908
2072,0.4096,0.0972,0.4932
2073,0.4092,0.0968,0.494
2074,0.4088,0.098,0.4932
2075,0.406,0.0984,0.4956
2076,0.4048,0.0984,0.4968
2077,0.4036,0.098,0.4984
2078,0.4032,0.0988,0.498
2079,0.4016,0.0988,0.4996
2080,0.4016,0.0988,0.4996
2081,0.3992,0.0992,0.5016
2082,0.398,0.0992,0.5028
2083,0.3936,0.0996,0.5068
2084,0.392,0.1,0.508
2085,0.3908,0.1012,0.508
2086,0.3904,0.102,0.5076
2087,0.3896,0.1016,0.5088
2088,0.388,0.1016,0.5104
2089,0.3876,0.1016,0.5108
2090,0.3872,0.1008,0.512
2091,0.3852,0.102,0.5128
2092,0.382,0.1028,0.5152
2093,0.3808,0.1032,0.516
2094,0.3792,0.104,0.5168
2095,0.378,0.1036,0.5184
2096,0.3772,0.104,0.5188
2097,0.3756,0.1052,0.5192
2098,0.376,0.1048,0.5192
2099,0.3736,0.1056,0.5208
2100,0.3728,0.1064,0.5208
2101,0.3704,0.1072,0.5224
2102,0.3672,0.1076,0.5252
2103,0.364,0.1068,0.5292
2104,0.3636,0.1068,0.5296
2105,0.3632,0.1064,0.5304
2106,0.3628,0.1068,0.5304
2107,0.3612,0.1072,0.5316
2108,0.3592,0.1076,0.5332
2109,0.3584,0.108,0.5336
2110,0.358,0.1084,0.5336
2111,0.356,0.1092,0.5348
2112,0.3552,0.1096,0.5352
2113,0.3544,0.1108,0.5348
2114,0.35,0.1108,0.5392
2115,0.3484,0.1116,0.54
2116,0.3472,0.1124,0.5404
2117,0.3456,0.1128,0.5416
2118,0.3432,0.1132,0.5436
2119,0.3416,0.1136,0.5448
2120,0.3404,0.1144,0.5452
2121,0.3384,0.114,0.5476
2122,0.3356,0.1136,0.5508
2123,0.3352,0.1152,0.5496
2124,0.3344,0.1152,0.5504
2125,0.3332,0.114,0.5528
2126,0.3332,0.114,0.5528
2127,0.3328,0.1144,0.5528
2128,0.3312,0.1156,0.5532
2129,0.3284,0.116,0.5556
2130,0.3272,0.1172,0.5556
2131,0.326,0.1176,0.5564
2132,0.3236,0.1176,0.5588
2133,0.3216,0.1196,0.5588
2134,0.3212,0.12,0.5588
2135,0.3196,0.12,0.5604
2136,0.318,0.1216,0.5604
2137,0.3156,0.1224,0.562
2138,0.3132,0.1228,0.564
2139,0.312,0.1228,0.5652
2140,0.3108,0.124,0.5652
2141,0.308,0.1256,0.5664
2142,0.3052,0.1256,0.5692
2143,0.304,0.1256,0.5704
2144,0.3008,0.1268,0.5724
2145,0.3008,0.1256,0.5736
2146,0.3,0.1252,0.5748
2147,0.2988,0.1252,0.576
2148,0.298,0.1252,0.5768
2149,0.2964,0.1264,0.5772
2150,0.2956,0.1268,0.5776
2151,0.2928,0.1272,0.58
2152,0.2928,0.128,0.5792
2153,0.2908,0.1284,0.5808
2154,0.2904,0.128,0.5816
2155,0.2892,0.1288,0.582
2156,0.2852,0.1292,0.5856
2157,0.2824,0.13,0.5876
2158,0.2808,0.13,0.5892
2159,0.2776,0.1316,0.5908
2160,0.2756,0.1332,0.5912
2161,0.2728,0.1336,0.5936
2162,0.2704,0.1344,0.5952
2163,0.268,0.1348,0.5972
2164,0.266,0.1352,0.5988
2165,0.264,0.1368,0.5992
2166,0.2612,0.138,0.6008
2167,0.2608,0.1388,0.6004
2168,0.2584,0.138,0.6036
2169,0.2588,0.138,0.6032
2170,0.2584,0.1388,0.6028
2171,0.2568,0.1396,0.6036
2172,0.2552,0.14,0.6048
2173,0.2536,0.1404,0.606
2174,0.2516,0.1408,0.6076
2175,0.2476,0.1408,0.6116
2176,0.2436,0.1416,0.6148
2177,0.2404,0.1424,0.6172
2178,0.236,0.1432,0.6208
2179,0.2344,0.1432,0.6224
2180,0.2312,0.144,0.6248
2181,0.2296,0.1448,0.6256
2182,0.2276,0.1464,0.626
2183,0.2268,0.1472,0.626
2184,0.2248,0.1468,0.6284
2185,0.2188,0.148,0.6332
2186,0.216,0.1484,0.6356
2187,0.2132,0.1492,0.6376
2188,0.2108,0.15,0.6392
2189,0.2084,0.1508,0.6408
2190,0.2048,0.1516,0.6436
2191,0.2028,0.1532,0.644
2192,0.1968,0.1536,0.6496
2193,0.1956,0.1552,0.6492
2194,0.1928,0.1556,0.6516
2195,0.184,0.1552,0.6608
2196,0.1824,0.1568,0.6608
2197,0.18,0.1576,0.6624
2198,0.178,0.158,0.664
2199,0.1724,0.158,0.6696
2200,0.1712,0.1588,0.67
2201,0.1688,0.1588,0.6724
2202,0.1652,0.1596,0.6752
2203,0.1628,0.16,0.6772
2204,0.1596,0.1612,0.6792
2205,0.156,0.1624,0.6816
2206,0.152,0.1628,0.6852
2207,0.1508,0.1628,0.6864
2208,0.1484,0.1636,0.688
2209,0.1464,0.1644,0.6892
2210,0.1436,0.1656,0.6908
2211,0.1408,0.1668,0.6924
2212,0.136,0.1672,0.6968
2213,0.1356,0.1688,0.6956
2214,0.1324,0.1704,0.6972
2215,0.1316,0.17,0.6984
2216,0.1304,0.1712,0.6984
2217,0.1284,0.1716,0.7
2218,0.126,0.1724,0.7016
2219,0.124,0.1724,0.7036
2220,0.122,0.1728,0.7052
2221,0.1204,0.1732,0.7064
2222,0.1196,0.1736,0.7068
2223,0.1168,0.174,0.7092
2224,0.1156,0.1752,0.7092
2225,0.112,0.176,0.712
2226,0.11,0.1772,0.7128
2227,0.1084,0.1784,0.7132
2228,0.106,0.1796,0.7144
2229,0.1036,0.1816,0.7148
2230,0.1024,0.1832,0.7144
2231,0.1008,0.1828,0.7164
2232,0.0992,0.1832,0.7176
2233,0.0976,0.1832,0.7192
2234,0.0972,0.1832,0.7196
2235,0.0972,0.184,0.7188
2236,0.0968,0.1852,0.718
2237,0.096,0.1856,0.7184
2238,0.0932,0.1872,0.7196
2239,0.0928,0.1876,0.7196
2240,0.092,0.1888,0.7192
2241,0.0916,0.1888,0.7196
2242,0.0912,0.1892,0.7196
2243,0.0904,0.192,0.7176
2244,0.0912,0.1924,0.7164
2245,0.0912,0.1936,0.7152
2246,0.0904,0.1952,0.7144
2247,0.0908,0.1972,0.712
2248,0.0904,0.198,0.7116
2249,0.0892,0.1984,0.7124
2250,0.0892,0.1984,0.7124
2251,0.0896,0.1992,0.7112
2252,0.0888,0.2004,0.7108
2253,0.088,0.2008,0.7112
2254,0.0868,0.2012,0.712
2255,0.086,0.2012,0.7128
2256,0.0856,0.2024,0.712
2257,0.0856,0.2028,0.7116
2258,0.084,0.2044,0.7116
2259,0.084,0.2056,0.7104
2260,0.084,0.2064,0.7096
2261,0.0836,0.2072,0.7092
2262,0.0832,0.208,0.7088
2263,0.0836,0.2084,0.708
2264,0.0832,0.21,0.7068
2265,0.0828,0.2104,0.7068
2266,0.0816,0.2124,0.706
2267,0.08,0.214,0.706
2268,0.08,0.2156,0.7044
2269,0.08,0.2156,0.7044
2270,0.0808,0.2164,0.7028
2271,0.0812,0.2168,0.702
2272,0.0804,0.2176,0.702
2273,0.0804,0.2176,0.702
2274,0.0812,0.218,0.7008
2275,0.0812,0.2192,0.6996
2276,0.0796,0.2208,0.6996
2277,0.0792,0.2224,0.6984
2278,0.0776,0.224,0.6984
2279,0.0776,0.2236,0.6988
2280,0.0784,0.2236,0.698
2281,0.078,0.2252,0.6968
2282,0.0776,0.2264,0.696
2283,0.0772,0.228,0.6948
2284,0.0772,0.2296,0.6932
2285,0.0772,0.2304,0.6924
2286,0.0772,0.2304,0.6924
2287,0.076,0.2308,0.6932
2288,0.0748,0.232,0.6932
2289,0.0744,0.2316,0.694
2290,0.074,0.2348,0.6912
2291,0.074,0.236,0.69
2292,0.074,0.2392,0.6868
2293,0.0724,0.2404,0.6872
2294,0.0732,0.242,0.6848
2295,0.0732,0.2428,0.684
2296,0.074,0.2432,0.6828
2297,0.0732,0.2436,0.6832
2298,0.0732,0.244,0.6828
2299,0.0724,0.2444,0.6832
2300,0.0728,0.2456,0.6816
2301,0.0732,0.2472,0.6796
2302,0.0728,0.2488,0.6784
2303,0.0728,0.2508,0.6764
2304,0.072,0.2512,0.6768
2305,0.0724,0.2516,0.676
2306,0.0732,0.252,0.6748
2307,0.0728,0.2532,0.674
2308,0.072,0.256,0.672
2309,0.0712,0.2568,0.672
2310,0.0704,0.2596,0.67
2311,0.0696,0.262,0.6684
2312,0.0696,0.2624,0.668
2313,0.07,0.2644,0.6656
2314,0.07,0.2644,0.6656
2315,0.0704,0.2648,0.6648
2316,0.07,0.2656,0.6644
2317,0.0696,0.2668,0.6636
2318,0.07,0.268,0.662
2319,0.0696,0.27,0.6604
2320,0.0696,0.2696,0.6608
2321,0.0688,0.2704,0.6608
2322,0.0692,0.2712,0.6596
2323,0.0692,0.2732,0.6576
2324,0.0692,0.274,0.6568
2325,0.0696,0.276,0.6544
2326,0.07,0.2772,0.6528
2327,0.07,0.2776,0.6524
2328,0.07,0.28,0.65
2329,0.0704,0.2816,0.648
2330,0.0704,0.2832,0.6464
2331,0.07,0.284,0.646
2332,0.07,0.2852,0.6448
2333,0.0692,0.2864,0.6444
2334,0.0688,0.2884,0.6428
2335,0.068,0.2904,0.6416
2336,0.068,0.292,0.64
2337,0.068,0.2948,0.6372
2338,0.068,0.2952,0.6368
2339,0.068,0.2972,0.6348
2340,0.068,0.2996,0.6324
2341,0.0688,0.2988,0.6324
2342,0.0688,0.302,0.6292
2343,0.0692,0.3036,0.6272
2344,0.0676,0.3056,0.6268
2345,0.068,0.3052,0.6268
2346,0.0688,0.3084,0.6228
2347,0.0688,0.3096,0.6216
2348,0.0692,0.3108,0.62
2349,0.0692,0.3128,0.618
2350,0.068,0.3136,0.6184
2351,0.068,0.3152,0.6168
2352,0.068,0.3176,0.6144
2353,0.0688,0.32,0.6112
2354,0.0688,0.322,0.6092
2355,0.0688,0.3248,0.6064
2356,0.0688,0.326,0.6052
2357,0.0684,0.3288,0.6028
2358,0.0688,0.3312,0.6
2359,0.0692,0.334,0.5968
2360,0.0688,0.338,0.5932
2361,0.0688,0.3396,0.5916
2362,0.0692,0.3408,0.59
2363,0.0692,0.3432,0.5876
2364,0.0688,0.3448,0.5864
2365,0.0692,0.346,0.5848
2366,0.0692,0.3476,0.5832
2367,0.0688,0.3496,0.5816
2368,0.0684,0.3516,0.58
2369,0.0684,0.3544,0.5772
2370,0.0684,0.3572,0.5744
2371,0.0696,0.3608,0.5696
2372,0.0692,0.3632,0.5676
2373,0.0708,0.3628,0.5664
2374,0.0708,0.3648,0.5644
2375,0.0708,0.3664,0.5628
2376,0.0712,0.368,0.5608
2377,0.0724,0.3684,0.5592
2378,0.0724,0.3708,0.5568
2379,0.0724,0.3724,0.5552
2380,0.0724,0.3736,0.554
2381,0.0724,0.3732,0.5544
2382,0.0724,0.3752,0.5524
2383,0.0728,0.3764,0.5508
2384,0.072,0.3776,0.5504
2385,0.0712,0.3792,0.5496
2386,0.0712,0.3804,0.5484
2387,0.0708,0.3828,0.5464
2388,0.0716,0.3836,0.5448
2389,0.0716,0.3872,0.5412
2390,0.0716,0.3892,0.5392
2391,0.0724,0.3896,0.538
2392,0.0724,0.3924,0.5352
2393,0.0724,0.3956,0.532
2394,0.0728,0.396,0.5312
2395,0.0732,0.398,0.5288
2396,0.0736,0.3988,0.5276
2397,0.0744,0.3992,0.5264
2398,0.0748,0.3992,0.526
2399,0.0756,0.4012,0.5232
2400,0.0756,0.4028,0.5216
2401,0.0764,0.4044,0.5192
2402,0.0764,0.4072,0.5164
2403,0.0764,0.4104,0.5132
2404,0.0752,0.412,0.5128
2405,0.0748,0.4124,0.5128
2406,0.0748,0.4132,0.512
2407,0.0748,0.414,0.5112
2408,0.0756,0.4136,0.5108
2409,0.0748,0.4156,0.5096
2410,0.0748,0.4176,0.5076
2411,0.0744,0.4184,0.5072
2412,0.0748,0.4192,0.506
2413,0.0752,0.4212,0.5036
2414,0.076,0.4228,0.5012
2415,0.076,0.424,0.5
2416,0.0764,0.4268,0.4968
2417,0.0764,0.4276,0.496
2418,0.076,0.4308,0.4932
2419,0.076,0.4328,0.4912
2420,0.076,0.436,0.488
2421,0.0772,0.4368,0.486
2422,0.0776,0.4384,0.484
2423,0.078,0.4392,0.4828
2424,0.0784,0.4404,0.4812
2425,0.0796,0.44,0.4804
2426,0.08,0.4404,0.4796
2427,0.0804,0.4412,0.4784
2428,0.08,0.4424,0.4776
2429,0.08,0.4432,0.4768
2430,0.08,0.4448,0.4752
2431,0.0812,0.4452,0.4736
2432,0.0808,0.448,0.4712
2433,0.0816,0.448,0.4704
2434,0.0816,0.4492,0.4692
2435,0.0808,0.4512,0.468
2436,0.0812,0.4532,0.4656
2437,0.0824,0.454,0.4636
2438,0.0824,0.456,0.4616
2439,0.0824,0.4576,0.46
2440,0.0828,0.458,0.4592
2441,0.0828,0.4604,0.4568
2442,0.0828,0.4632,0.454
2443,0.0828,0.4644,0.4528
2444,0.0832,0.466,0.4508
2445,0.0836,0.4668,0.4496
2446,0.0844,0.4684,0.4472
2447,0.0848,0.4696,0.4456
2448,0.0856,0.4692,0.4452
2449,0.0864,0.4696,0.444
2450,0.0864,0.4704,0.4432
2451,0.0872,0.4724,0.4404
2452,0.0876,0.4748,0.4376
2453,0.0876,0.4768,0.4356
2454,0.0876,0.4768,0.4356
2455,0.088,0.4772,0.4348
2456,0.088,0.4788,0.4332
2457,0.088,0.4784,0.4336
2458,0.088,0.48,0.432
2459,0.0876,0.482,0.4304
2460,0.088,0.4844,0.4276
2461,0.0884,0.4856,0.426
2462,0.0884,0.4868,0.4248
2463,0.0884,0.49,0.4216
2464,0.088,0.4924,0.4196
2465,0.0884,0.4936,0.418
2466,0.0896,0.494,0.4164
2467,0.0904,0.4956,0.414
2468,0.0904,0.498,0.4116
2469,0.0912,0.4988,0.41
2470,0.0912,0.4988,0.41
2471,0.0912,0.5008,0.408
2472,0.0928,0.5004,0.4068
2473,0.0944,0.5008,0.4048
2474,0.0948,0.5024,0.4028
2475,0.0952,0.5032,0.4016
2476,0.096,0.5024,0.4016
2477,0.0964,0.5036,0.4
2478,0.0972,0.504,0.3988
2479,0.0976,0.5064,0.396
2480,0.098,0.5072,0.3948
2481,0.0976,0.51,0.3924
2482,0.098,0.5112,0.3908
2483,0.0976,0.5116,0.3908
2484,0.0976,0.5148,0.3876
2485,0.098,0.5172,0.3848
2486,0.098,0.52,0.382
2487,0.098,0.5212,0.3808
2488,0.0992,0.5216,0.3792
2489,0.0992,0.522,0.3788
2490,0.0996,0.5244,0.376
2491,0.0996,0.5268,0.3736
2492,0.1,0.5268,0.3732
2493,0.1008,0.5272,0.372
2494,0.0996,0.5292,0.3712
2495,0.1,0.5312,0.3688
2496,0.1012,0.5316,0.3672
2497,0.1016,0.532,0.3664
2498,0.102,0.5332,0.3648
2499,0.1024,0.5344,0.3632
2500,0.104,0.5336,0.3624
2501,0.1052,0.5344,0.3604
2502,0.106,0.5364,0.3576
2503,0.1064,0.5368,0.3568
2504,0.1076,0.5384,0.354
2505,0.1068,0.5412,0.352
2506,0.1076,0.5452,0.3472
2507,0.1084,0.5456,0.346
2508,0.1092,0.5468,0.344
2509,0.1104,0.5488,0.3408
2510,0.1092,0.5508,0.34
2511,0.1096,0.5516,0.3388
2512,0.11,0.5516,0.3384
2513,0.11,0.554,0.336
2514,0.1104,0.5544,0.3352
2515,0.1104,0.5552,0.3344
2516,0.1108,0.558,0.3312
2517,0.1112,0.5596,0.3292
2518,0.1112,0.5592,0.3296
2519,0.1112,0.5612,0.3276
2520,0.112,0.5604,0.3276
2521,0.1128,0.5612,0.326
2522,0.114,0.5636,0.3224
2523,0.1156,0.5628,0.3216
2524,0.1164,0.566,0.3176
2525,0.116,0.5696,0.3144
2526,0.116,0.5728,0.3112
2527,0.1164,0.5736,0.31
2528,0.1176,0.5748,0.3076
2529,0.1188,0.5752,0.306
2530,0.12,0.5752,0.3048
2531,0.1208,0.578,0.3012
2532,0.1216,0.5788,0.2996
2533,0.1224,0.5796,0.298
2534,0.1224,0.5808,0.2968
2535,0.1236,0.5836,0.2928
2536,0.1244,0.5832,0.2924
2537,0.1244,0.5856,0.29
2538,0.1248,0.5872,0.288
2539,0.1264,0.5876,0.286
2540,0.1256,0.5896,0.2848
2541,0.126,0.5936,0.2804
2542,0.1256,0.5956,0.2788
2543,0.1268,0.5956,0.2776
2544,0.1268,0.6004,0.2728
2545,0.1284,0.6012,0.2704
2546,0.1292,0.6032,0.2676
2547,0.13,0.6052,0.2648
2548,0.13,0.6064,0.2636
2549,0.1312,0.6068,0.262
2550,0.1312,0.6092,0.2596
2551,0.1316,0.6112,0.2572
2552,0.1324,0.6132,0.2544
2553,0.1332,0.6132,0.2536
2554,0.1336,0.6156,0.2508
2555,0.1336,0.6176,0.2488
2556,0.1356,0.6176,0.2468
2557,0.1356,0.6188,0.2456
2558,0.1372,0.622,0.2408
2559,0.1384,0.6256,0.236
2560,0.1384,0.6304,0.2312
2561,0.1388,0.6364,0.2248
2562,0.1392,0.6392,0.2216
2563,0.14,0.6404,0.2196
2564,0.1412,0.6452,0.2136
2565,0.1416,0.6484,0.21
2566,0.1424,0.6508,0.2068
2567,0.1428,0.652,0.2052
2568,0.1436,0.6552,0.2012
2569,0.1444,0.6572,0.1984
2570,0.146,0.6576,0.1964
2571,0.1456,0.6616,0.1928
2572,0.146,0.666,0.188
2573,0.1464,0.6724,0.1812
2574,0.148,0.6752,0.1768
2575,0.148,0.6776,0.1744
2576,0.1492,0.6788,0.172
2577,0.1492,0.684,0.1668
2578,0.1504,0.6872,0.1624
2579,0.1508,0.6892,0.16
2580,0.152,0.6908,0.1572
2581,0.1524,0.696,0.1516
2582,0.152,0.6972,0.1508
2583,0.154,0.6976,0.1484
2584,0.1556,0.7,0.1444
2585,0.1556,0.7036,0.1408
2586,0.1564,0.7056,0.138
2587,0.1572,0.7072,0.1356
2588,0.1576,0.7088,0.1336
2589,0.158,0.7096,0.1324
2590,0.158,0.7144,0.1276
2591,0.1596,0.7156,0.1248
2592,0.16,0.7192,0.1208
2593,0.1612,0.7196,0.1192
2594,0.1624,0.7232,0.1144
2595,0.1636,0.7236,0.1128
2596,0.1636,0.7248,0.1116
2597,0.1648,0.7268,0.1084
2598,0.1656,0.73,0.1044
2599,0.168,0.7288,0.1032
2600,0.1688,0.7296,0.1016
2601,0.1692,0.7312,0.0996
2602,0.1684,0.7332,0.0984
2603,0.1692,0.7376,0.0932
2604,0.1696,0.7392,0.0912
2605,0.17,0.7404,0.0896
2606,0.1696,0.7424,0.088
2607,0.17,0.744,0.086
2608,0.1708,0.7452,0.084
2609,0.1724,0.7472,0.0804
2610,0.1732,0.7476,0.0792
2611,0.1744,0.7492,0.0764
2612,0.1752,0.752,0.0728
2613,0.1768,0.7524,0.0708
2614,0.1768,0.754,0.0692
2615,0.1784,0.756,0.0656
2616,0.1816,0.756,0.0624
2617,0.1816,0.7568,0.0616
2618,0.1836,0.7572,0.0592
2619,0.1844,0.756,0.0596
2620,0.1852,0.7568,0.058
2621,0.186,0.7564,0.0576
2622,0.1868,0.7564,0.0568
2623,0.1872,0.7576,0.0552
2624,0.1884,0.7564,0.0552
2625,0.19,0.7552,0.0548
2626,0.1904,0.7552,0.0544
2627,0.1912,0.7552,0.0536
2628,0.1924,0.7544,0.0532
2629,0.1924,0.7544,0.0532
2630,0.1928,0.7552,0.052
2631,0.194,0.7544,0.0516
2632,0.1948,0.7532,0.052
2633,0.1968,0.7512,0.052
2634,0.1972,0.7508,0.052
2635,0.1988,0.7496,0.0516
2636,0.1992,0.75,0.0508
2637,0.1996,0.7496,0.0508
2638,0.2012,0.748,0.0508
2639,0.2024,0.746,0.0516
2640,0.2032,0.7456,0.0512
2641,0.2032,0.7456,0.0512
2642,0.2044,0.7456,0.05
2643,0.2064,0.7436,0.05
2644,0.2072,0.7428,0.05
2645,0.2076,0.7428,0.0496
2646,0.2092,0.7412,0.0496
2647,0.2108,0.7396,0.0496
2648,0.2108,0.7396,0.0496
2649,0.2116,0.7392,0.0492
2650,0.212,0.7392,0.0488
2651,0.2132,0.738,0.0488
2652,0.2148,0.7364,0.0488
2653,0.216,0.736,0.048
2654,0.2176,0.7344,0.048
2655,0.218,0.7336,0.0484
2656,0.22,0.7324,0.0476
2657,0.2228,0.73,0.0472
2658,0.224,0.7288,0.0472
2659,0.2248,0.7284,0.0468
2660,0.226,0.7272,0.0468
2661,0.2268,0.726,0.0472
2662,0.2276,0.7248,0.0476
2663,0.2268,0.7248,0.0484
2664,0.2272,0.7244,0.0484
2665,0.228,0.724,0.048
2666,0.2316,0.72,0.0484
2667,0.2332,0.7184,0.0484
2668,0.234,0.718,0.048
2669,0.2356,0.7168,0.0476
2670,0.2364,0.716,0.0476
2671,0.2372,0.7156,0.0472
2672,0.238,0.7152,0.0468
2673,0.2392,0.7136,0.0472
2674,0.2404,0.7124,0.0472
2675,0.2416,0.7112,0.0472
2676,0.2432,0.7096,0.0472
2677,0.246,0.706,0.048
2678,0.246,0.706,0.048
2679,0.2456,0.706,0.0484
2680,0.248,0.7036,0.0484
2681,0.2488,0.7032,0.048
2682,0.25,0.702,0.048
2683,0.2504,0.7012,0.0484
2684,0.2508,0.7012,0.048
2685,0.254,0.698,0.048
2686,0.2564,0.696,0.0476
2687,0.2584,0.694,0.0476
2688,0.2588,0.6936,0.0476
2689,0.26,0.6928,0.0472
2690,0.2608,0.6924,0.0468
2691,0.262,0.6912,0.0468
2692,0.2652,0.688,0.0468
2693,0.266,0.6864,0.0476
2694,0.268,0.6848,0.0472
2695,0.2696,0.6828,0.0476
2696,0.272,0.68,0.048
2697,0.2716,0.6796,0.0488
2698,0.2736,0.6772,0.0492
2699,0.2748,0.6756,0.0496
2700,0.2764,0.6744,0.0492
2701,0.2776,0.6728,0.0496
2702,0.2784,0.6712,0.0504
2703,0.2812,0.6684,0.0504
2704,0.282,0.6672,0.0508
2705,0.2836,0.6656,0.0508
2706,0.2844,0.6648,0.0508
2707,0.2864,0.6628,0.0508
2708,0.288,0.6608,0.0512
2709,0.2892,0.6596,0.0512
2710,0.292,0.6568,0.0512
2711,0.2928,0.6564,0.0508
2712,0.2936,0.6564,0.05
2713,0.2964,0.6544,0.0492
2714,0.2972,0.6524,0.0504
2715,0.2988,0.6508,0.0504
2716,0.3028,0.6472,0.05
2717,0.3064,0.6436,0.05
2718,0.31,0.64,0.05
2719,0.3108,0.6384,0.0508
2720,0.3112,0.6372,0.0516
2721,0.3132,0.6352,0.0516
2722,0.3164,0.632,0.0516
2723,0.3184,0.6296,0.052
2724,0.3204,0.6272,0.0524
2725,0.3232,0.6244,0.0524
2726,0.3272,0.6204,0.0524
2727,0.3288,0.6184,0.0528
2728,0.33,0.6172,0.0528
2729,0.3324,0.614,0.0536
2730,0.3348,0.6116,0.0536
2731,0.3368,0.6092,0.054
2732,0.3392,0.6068,0.054
2733,0.3412,0.6052,0.0536
2734,0.3428,0.6036,0.0536
2735,0.3448,0.6016,0.0536
2736,0.3448,0.6012,0.054
2737,0.3472,0.5988,0.054
2738,0.3512,0.5948,0.054
2739,0.3536,0.5928,0.0536
2740,0.354,0.592,0.054
2741,0.356,0.59,0.054
2742,0.3576,0.5884,0.054
2743,0.36,0.5864,0.0536
2744,0.362,0.5844,0.0536
2745,0.3648,0.5816,0.0536
2746,0.3664,0.5792,0.0544
2747,0.3684,0.5768,0.0548
2748,0.3692,0.576,0.0548
2749,0.3716,0.5732,0.0552
2750,0.372,0.5728,0.0552
2751,0.3744,0.57,0.0556
2752,0.3764,0.568,0.0556
2753,0.3772,0.5672,0.0556
2754,0.3788,0.5656,0.0556
2755,0.3788,0.5644,0.0568
2756,0.3796,0.5636,0.0568
2757,0.3812,0.5612,0.0576
2758,0.3832,0.5592,0.0576
2759,0.3844,0.5576,0.058
2760,0.386,0.5556,0.0584
2761,0.3892,0.5516,0.0592
2762,0.3912,0.5496,0.0592
2763,0.3916,0.548,0.0604
2764,0.3928,0.5468,0.0604
2765,0.3952,0.5448,0.06
2766,0.3968,0.5424,0.0608
2767,0.3988,0.5404,0.0608
2768,0.3996,0.5396,0.0608
2769,0.4008,0.5384,0.0608
2770,0.4044,0.5348,0.0608
2771,0.4064,0.5324,0.0612
2772,0.4072,0.5316,0.0612
2773,0.4076,0.53,0.0624
2774,0.4092,0.528,0.0628
2775,0.4116,0.5264,0.062
2776,0.4124,0.5248,0.0628
2777,0.4136,0.5236,0.0628
2778,0.4152,0.5216,0.0632
2779,0.4168,0.5196,0.0636
2780,0.418,0.5184,0.0636
2781,0.4192,0.5164,0.0644
2782,0.42,0.5156,0.0644
2783,0.4224,0.5132,0.0644
2784,0.4244,0.5112,0.0644
2785,0.4252,0.51,0.0648
2786,0.4264,0.5084,0.0652
2787,0.4276,0.5068,0.0656
2788,0.4292,0.5048,0.066
2789,0.4316,0.502,0.0664
2790,0.4348,0.4992,0.066
2791,0.4352,0.4984,0.0664
2792,0.4384,0.4952,0.0664
2793,0.4408,0.4924,0.0668
2794,0.4412,0.492,0.0668
2795,0.4424,0.4908,0.0668
2796,0.4448,0.4888,0.0664
2797,0.446,0.4864,0.0676
2798,0.4468,0.4852,0.068
2799,0.4468,0.4844,0.0688
2800,0.4468,0.4828,0.0704
2801,0.4476,0.4812,0.0712
2802,0.4492,0.4784,0.0724
2803,0.4508,0.476,0.0732
2804,0.4512,0.4752,0.0736
2805,0.4536,0.4728,0.0736
2806,0.4544,0.472,0.0736
2807,0.456,0.47,0.074
2808,0.4572,0.4684,0.0744
2809,0.46,0.4652,0.0748
2810,0.4612,0.464,0.0748
2811,0.462,0.4632,0.0748
2812,0.4636,0.4608,0.0756
2813,0.4644,0.4596,0.076
2814,0.466,0.458,0.076
2815,0.4688,0.4548,0.0764
2816,0.4704,0.4532,0.0764
2817,0.4716,0.452,0.0764
2818,0.474,0.4492,0.0768
2819,0.4772,0.446,0.0768
2820,0.4784,0.4448,0.0768
2821,0.48,0.4432,0.0768
2822,0.4804,0.442,0.0776
2823,0.482,0.44,0.078
2824,0.4816,0.4392,0.0792
2825,0.4812,0.4384,0.0804
2826,0.4824,0.4364,0.0812
2827,0.4836,0.4344,0.082
2828,0.4848,0.4332,0.082
2829,0.486,0.4316,0.0824
2830,0.4864,0.4304,0.0832
2831,0.4896,0.4272,0.0832
2832,0.4908,0.4248,0.0844
2833,0.4932,0.422,0.0848
2834,0.4956,0.4196,0.0848
2835,0.4964,0.4184,0.0852
2836,0.4968,0.4172,0.086
2837,0.4992,0.4148,0.086
2838,0.4996,0.4128,0.0876
2839,0.502,0.4096,0.0884
2840,0.5016,0.4096,0.0888
2841,0.5052,0.4056,0.0892
2842,0.5052,0.4056,0.0892
2843,0.5084,0.4024,0.0892
2844,0.5096,0.4012,0.0892
2845,0.512,0.3984,0.0896
2846,0.5136,0.396,0.0904
2847,0.5144,0.3948,0.0908
2848,0.5148,0.394,0.0912
2849,0.5164,0.3916,0.092
2850,0.516,0.3912,0.0928
2851,0.5176,0.3892,0.0932
2852,0.52,0.3868,0.0932
2853,0.5232,0.3828,0.094
2854,0.5244,0.3812,0.0944
2855,0.5248,0.3792,0.096
2856,0.5264,0.3772,0.0964
2857,0.5256,0.3764,0.098
2858,0.5256,0.3752,0.0992
2859,0.5276,0.3728,0.0996
2860,0.5312,0.3688,0.1
2861,0.5328,0.3656,0.1016
2862,0.5344,0.3636,0.102
2863,0.5364,0.3616,0.102
2864,0.5368,0.3604,0.1028
2865,0.5392,0.358,0.1028
2866,0.5404,0.356,0.1036
2867,0.5408,0.3552,0.104
2868,0.5432,0.3532,0.1036
2869,0.5456,0.3504,0.104
2870,0.5488,0.3468,0.1044
2871,0.5496,0.346,0.1044
2872,0.5496,0.3452,0.1052
2873,0.5508,0.3432,0.106
2874,0.5512,0.3424,0.1064
2875,0.5532,0.3388,0.108
2876,0.5552,0.336,0.1088
2877,0.556,0.3344,0.1096
2878,0.558,0.3316,0.1104
2879,0.5584,0.3304,0.1112
2880,0.5596,0.3288,0.1116
2881,0.5608,0.3268,0.1124
2882,0.5628,0.3232,0.114
2883,0.566,0.3196,0.1144
2884,0.5676,0.3168,0.1156
2885,0.5688,0.3156,0.1156
2886,0.5708,0.3132,0.116
2887,0.5736,0.3104,0.116
2888,0.5756,0.3072,0.1172
2889,0.5772,0.3048,0.118
2890,0.5784,0.3032,0.1184
2891,0.5808,0.2996,0.1196
2892,0.5812,0.2988,0.12
2893,0.5824,0.296,0.1216
2894,0.5832,0.2944,0.1224
2895,0.584,0.2932,0.1228
2896,0.5856,0.2904,0.124
2897,0.588,0.2872,0.1248
2898,0.5912,0.284,0.1248
2899,0.5936,0.2808,0.1256
2900,0.5956,0.2776,0.1268
2901,0.5972,0.2756,0.1272
2902,0.6,0.272,0.128
2903,0.6016,0.2692,0.1292
2904,0.6056,0.2644,0.13
2905,0.6076,0.262,0.1304
2906,0.6124,0.256,0.1316
2907,0.6164,0.2512,0.1324
2908,0.6176,0.2488,0.1336
2909,0.6184,0.2472,0.1344
2910,0.6216,0.2436,0.1348
2911,0.6212,0.242,0.1368
2912,0.622,0.2404,0.1376
2913,0.6228,0.238,0.1392
2914,0.6256,0.2344,0.14
2915,0.6292,0.2308,0.14
2916,0.632,0.2268,0.1412
2917,0.6336,0.2248,0.1416
2918,0.6336,0.2236,0.1428
2919,0.638,0.2188,0.1432
2920,0.64,0.216,0.144
2921,0.6428,0.2128,0.1444
2922,0.646,0.2092,0.1448
2923,0.6508,0.204,0.1452
2924,0.6524,0.2016,0.146
2925,0.654,0.1984,0.1476
2926,0.6564,0.1948,0.1488
2927,0.6576,0.1924,0.15
2928,0.658,0.1916,0.1504
2929,0.6588,0.1896,0.1516
2930,0.6624,0.1844,0.1532
2931,0.666,0.18,0.154
2932,0.6692,0.1764,0.1544
2933,0.6728,0.1728,0.1544
2934,0.6748,0.1692,0.156
2935,0.6764,0.1672,0.1564
2936,0.6792,0.1632,0.1576
2937,0.6828,0.1588,0.1584
2938,0.6884,0.1524,0.1592
2939,0.6928,0.1476,0.1596
2940,0.6956,0.1432,0.1612
2941,0.7,0.138,0.162
2942,0.7036,0.1332,0.1632
2943,0.7072,0.1288,0.164
2944,0.7084,0.1252,0.1664
2945,0.7116,0.1212,0.1672
2946,0.7144,0.1176,0.168
2947,0.7192,0.112,0.1688
2948,0.7216,0.1084,0.17
2949,0.724,0.1044,0.1716
2950,0.728,0.0996,0.1724
2951,0.732,0.0948,0.1732
2952,0.7328,0.0916,0.1756
2953,0.7384,0.0856,0.176
2954,0.7428,0.0808,0.1764
2955,0.7448,0.0784,0.1768
2956,0.7472,0.0752,0.1776
2957,0.7512,0.0708,0.178
2958,0.7528,0.0676,0.1796
2959,0.7564,0.0632,0.1804
2960,0.7588,0.06,0.1812
2961,0.7616,0.0564,0.182
2962,0.7608,0.0544,0.1848
2963,0.7628,0.0512,0.186
2964,0.7612,0.0512,0.1876
2965,0.762,0.048,0.19
2966,0.764,0.0448,0.1912
2967,0.7648,0.0436,0.1916
2968,0.7648,0.0424,0.1928
2969,0.7656,0.04,0.1944
2970,0.7672,0.0384,0.1944
2971,0.7676,0.0368,0.1956
2972,0.7704,0.034,0.1956
2973,0.7684,0.034,0.1976
2974,0.7692,0.0316,0.1992
2975,0.7688,0.03,0.2012
2976,0.7704,0.028,0.2016
2977,0.77,0.0276,0.2024
2978,0.7708,0.0264,0.2028
2979,0.7692,0.0252,0.2056
2980,0.7696,0.0236,0.2068
2981,0.7704,0.0212,0.2084
2982,0.7688,0.0204,0.2108
2983,0.7692,0.0192,0.2116
2984,0.77,0.0176,0.2124
2985,0.7684,0.0172,0.2144
2986,0.7696,0.0156,0.2148
2987,0.7704,0.014,0.2156
2988,0.7704,0.0124,0.2172
2989,0.7692,0.0116,0.2192
2990,0.7684,0.0116,0.22
2991,0.7676,0.0116,0.2208
2992,0.7672,0.0116,0.2212
2993,0.7668,0.0116,0.2216
2994,0.7648,0.0116,0.2236
2995,0.7644,0.0116,0.224
2996,0.7624,0.0116,0.226
2997,0.7604,0.0116,0.228
2998,0.7584,0.0116,0.23
2999,0.7564,0.0116,0.232
3000,0.7556,0.0116,0.2328
3001,0.7548,0.012,0.2332
3002,0.7532,0.0124,0.2344
3003,0.752,0.0128,0.2352
3004,0.7512,0.0128,0.236
3005,0.75,0.0124,0.2376
3006,0.7476,0.0124,0.24
3007,0.7464,0.0124,0.2412
3008,0.7452,0.0124,0.2424
3009,0.7452,0.0124,0.2424
3010,0.7432,0.0124,0.2444
3011,0.7408,0.0124,0.2468
3012,0.7384,0.0124,0.2492
3013,0.7368,0.0124,0.2508
3014,0.7356,0.0124,0.252
3015,0.7328,0.0124,0.2548
3016,0.732,0.0124,0.2556
3017,0.7316,0.012,0.2564
3018,0.7292,0.012,0.2588
3019,0.728,0.0112,0.2608
3020,0.7268,0.0116,0.2616
3021,0.7264,0.0112,0.2624
3022,0.7248,0.0112,0.264
3023,0.7244,0.0112,0.2644
3024,0.7228,0.012,0.2652
3025,0.7224,0.012,0.2656
3026,0.72,0.0112,0.2688
3027,0.7172,0.0112,0.2716
3028,0.7168,0.0108,0.2724
3029,0.716,0.0108,0.2732
3030,0.714,0.0108,0.2752
3031,0.7112,0.0108,0.278
3032,0.7096,0.0108,0.2796
3033,0.7068,0.0112,0.282
3034,0.7052,0.0112,0.2836
3035,0.7024,0.0116,0.286
3036,0.7008,0.012,0.2872
3037,0.7,0.0124,0.2876
3038,0.6976,0.0124,0.29
3039,0.6964,0.0124,0.2912
3040,0.694,0.0124,0.2936
3041,0.6936,0.0124,0.294
3042,0.6928,0.0124,0.2948
3043,0.6912,0.0124,0.2964
3044,0.6904,0.0124,0.2972
3045,0.6888,0.0124,0.2988
3046,0.686,0.0124,0.3016
3047,0.6828,0.0124,0.3048
3048,0.6792,0.0124,0.3084
3049,0.6772,0.0124,0.3104
3050,0.6752,0.0128,0.312
3051,0.6736,0.0128,0.3136
3052,0.6716,0.0128,0.3156
3053,0.6704,0.0136,0.316
3054,0.6688,0.0136,0.3176
3055,0.6672,0.014,0.3188
3056,0.6644,0.0144,0.3212
3057,0.662,0.0144,0.3236
3058,0.6608,0.0144,0.3248
3059,0.6596,0.0144,0.326
3060,0.6576,0.0144,0.328
3061,0.6572,0.0144,0.3284
3062,0.656,0.0152,0.3288
3063,0.6548,0.0152,0.33
3064,0.6512,0.0156,0.3332
3065,0.6476,0.016,0.3364
3066,0.6444,0.016,0.3396
3067,0.642,0.016,0.342
3068,0.64,0.0156,0.3444
3069,0.6384,0.0156,0.346
3070,0.6352,0.016,0.3488
3071,0.6324,0.016,0.3516
3072,0.6304,0.016,0.3536
3073,0.6288,0.0164,0.3548
3074,0.6264,0.0164,0.3572
3075,0.6252,0.0168,0.358
3076,0.622,0.0176,0.3604
3077,0.6212,0.018,0.3608
3078,0.6184,0.0188,0.3628
3079,0.6168,0.0192,0.364
3080,0.6152,0.0192,0.3656
3081,0.6108,0.0192,0.37
3082,0.6092,0.0192,0.3716
3083,0.606,0.0192,0.3748
3084,0.6028,0.0192,0.378
3085,0.6004,0.02,0.3796
3086,0.5988,0.02,0.3812
3087,0.5964,0.0204,0.3832
3088,0.5928,0.0204,0.3868
3089,0.5908,0.0204,0.3888
3090,0.5888,0.0204,0.3908
3091,0.5864,0.0204,0.3932
3092,0.5852,0.0212,0.3936
3093,0.5804,0.0212,0.3984
3094,0.5776,0.0216,0.4008
3095,0.574,0.0224,0.4036
3096,0.57,0.0228,0.4072
3097,0.5652,0.0228,0.412
3098,0.5624,0.0228,0.4148
3099,0.5588,0.0228,0.4184
3100,0.5548,0.024,0.4212
3101,0.5516,0.0248,0.4236
3102,0.5488,0.0256,0.4256
3103,0.5468,0.0256,0.4276
3104,0.5436,0.026,0.4304
3105,0.5424,0.026,0.4316
3106,0.5384,0.026,0.4356
3107,0.536,0.0268,0.4372
3108,0.5328,0.0268,0.4404
3109,0.5312,0.028,0.4408
3110,0.5288,0.0284,0.4428
3111,0.524,0.0288,0.4472
3112,0.522,0.0288,0.4492
3113,0.518,0.0292,0.4528
3114,0.5168,0.0292,0.454
3115,0.5132,0.0292,0.4576
3116,0.5108,0.03,0.4592
3117,0.508,0.03,0.462
3118,0.5048,0.03,0.4652
3119,0.5012,0.0304,0.4684
3120,0.498,0.0304,0.4716
3121,0.4956,0.0308,0.4736
3122,0.4948,0.0308,0.4744
3123,0.4924,0.032,0.4756
3124,0.4904,0.0324,0.4772
3125,0.4884,0.0332,0.4784
3126,0.488,0.0332,0.4788
3127,0.4844,0.0344,0.4812
3128,0.4816,0.0356,0.4828
3129,0.478,0.0364,0.4856
3130,0.4732,0.0372,0.4896
3131,0.4724,0.0376,0.49
3132,0.4708,0.0376,0.4916
3133,0.4692,0.0376,0.4932
3134,0.4668,0.0376,0.4956
3135,0.464,0.038,0.498
3136,0.4632,0.0388,0.498
3137,0.4612,0.0392,0.4996
3138,0.458,0.0392,0.5028
3139,0.4556,0.0392,0.5052
3140,0.454,0.0392,0.5068
3141,0.4504,0.0396,0.51
3142,0.4472,0.04,0.5128
3143,0.4428,0.0412,0.516
3144,0.4404,0.0412,0.5184
3145,0.4376,0.0416,0.5208
3146,0.4372,0.0428,0.52
3147,0.4352,0.0444,0.5204
3148,0.4324,0.0448,0.5228
3149,0.4308,0.0448,0.5244
3150,0.4292,0.0448,0.526
3151,0.4276,0.0464,0.526
3152,0.4252,0.0476,0.5272
3153,0.4232,0.0484,0.5284
3154,0.4212,0.0492,0.5296
3155,0.4192,0.0492,0.5316
3156,0.4164,0.0496,0.534
3157,0.4144,0.05,0.5356
3158,0.4128,0.0508,0.5364
3159,0.4096,0.052,0.5384
3160,0.4064,0.0536,0.54
3161,0.4048,0.0536,0.5416
3162,0.402,0.054,0.544
3163,0.4008,0.054,0.5452
3164,0.3976,0.0544,0.548
3165,0.394,0.0552,0.5508
3166,0.3932,0.0552,0.5516
3167,0.3904,0.056,0.5536
3168,0.3888,0.0568,0.5544
3169,0.386,0.058,0.556
3170,0.384,0.0588,0.5572
3171,0.3808,0.0588,0.5604
3172,0.38,0.0588,0.5612
3173,0.3764,0.0596,0.564
3174,0.374,0.0608,0.5652
3175,0.3728,0.0624,0.5648
3176,0.3716,0.0632,0.5652
3177,0.3704,0.064,0.5656
3178,0.368,0.0652,0.5668
3179,0.3668,0.066,0.5672
3180,0.3644,0.0664,0.5692
3181,0.3632,0.0664,0.5704
3182,0.3596,0.0672,0.5732
3183,0.3568,0.0676,0.5756
3184,0.3548,0.0676,0.5776
3185,0.3516,0.068,0.5804
3186,0.3492,0.0684,0.5824
3187,0.3472,0.0684,0.5844
3188,0.3448,0.0696,0.5856
3189,0.3412,0.07,0.5888
3190,0.3388,0.0704,0.5908
3191,0.3368,0.0712,0.592
3192,0.3352,0.0732,0.5916
3193,0.3336,0.0756,0.5908
3194,0.3324,0.076,0.5916
3195,0.33,0.0764,0.5936
3196,0.3284,0.0784,0.5932
3197,0.3268,0.0788,0.5944
3198,0.3252,0.0804,0.5944
3199,0.324,0.0804,0.5956
3200,0.3208,0.082,0.5972
3201,0.318,0.0828,0.5992
3202,0.3156,0.0836,0.6008
3203,0.3144,0.084,0.6016
3204,0.3104,0.0844,0.6052
3205,0.3088,0.0844,0.6068
3206,0.3064,0.0856,0.608
3207,0.3032,0.0872,0.6096
3208,0.3012,0.0876,0.6112
3209,0.3008,0.0888,0.6104
3210,0.2976,0.0892,0.6132
3211,0.2944,0.09,0.6156
3212,0.292,0.09,0.618
3213,0.29,0.0904,0.6196
3214,0.288,0.0908,0.6212
3215,0.2852,0.0916,0.6232
3216,0.2832,0.0944,0.6224
3217,0.282,0.0944,0.6236
3218,0.2808,0.0948,0.6244
3219,0.2788,0.0972,0.624
3220,0.276,0.0976,0.6264
3221,0.2732,0.098,0.6288
3222,0.2732,0.0984,0.6284
3223,0.2704,0.0992,0.6304
3224,0.268,0.102,0.63
3225,0.266,0.1032,0.6308
3226,0.2628,0.1044,0.6328
3227,0.26,0.1048,0.6352
3228,0.2568,0.1064,0.6368
3229,0.2536,0.1084,0.638
3230,0.2516,0.1088,0.6396
3231,0.2488,0.1096,0.6416
3232,0.2468,0.11,0.6432
3233,0.2448,0.11,0.6452
3234,0.242,0.1108,0.6472
3235,0.24,0.1112,0.6488
3236,0.238,0.1116,0.6504
3237,0.2372,0.1128,0.65
3238,0.236,0.1136,0.6504
3239,0.2332,0.1168,0.65
3240,0.2312,0.1176,0.6512
3241,0.2296,0.1188,0.6516
3242,0.226,0.1204,0.6536
3243,0.2216,0.1212,0.6572
3244,0.2188,0.1212,0.66
3245,0.216,0.122,0.662
3246,0.2132,0.124,0.6628
3247,0.2092,0.1244,0.6664
3248,0.206,0.1248,0.6692
3249,0.2028,0.1252,0.672
3250,0.2008,0.1276,0.6716
3251,0.2,0.1288,0.6712
3252,0.1976,0.1296,0.6728
3253,0.1968,0.1316,0.6716
3254,0.1948,0.132,0.6732
3255,0.1924,0.1332,0.6744
3256,0.1868,0.134,0.6792
3257,0.1824,0.1348,0.6828
3258,0.1784,0.136,0.6856
3259,0.1732,0.1364,0.6904
3260,0.1704,0.138,0.6916
3261,0.1692,0.14,0.6908
3262,0.1684,0.1424,0.6892
3263,0.1628,0.1424,0.6948
3264,0.1576,0.1436,0.6988
3265,0.152,0.1452,0.7028
3266,0.1428,0.1456,0.7116
3267,0.1404,0.1456,0.714
3268,0.1372,0.1468,0.716
3269,0.1316,0.1488,0.7196
3270,0.1272,0.15,0.7228
3271,0.1252,0.1512,0.7236
3272,0.1228,0.1524,0.7248
3273,0.1196,0.154,0.7264
3274,0.1152,0.1552,0.7296
3275,0.1124,0.1564,0.7312
3276,0.1108,0.1568,0.7324
3277,0.1096,0.1584,0.732
3278,0.1068,0.1588,0.7344
3279,0.1056,0.1596,0.7348
3280,0.1016,0.1612,0.7372
3281,0.0992,0.1628,0.738
3282,0.0968,0.1636,0.7396
3283,0.0956,0.1656,0.7388
3284,0.0936,0.166,0.7404
3285,0.0916,0.1672,0.7412
3286,0.0896,0.1688,0.7416
3287,0.0876,0.17,0.7424
3288,0.0844,0.1716,0.744
3289,0.0832,0.1728,0.744
3290,0.082,0.1744,0.7436
3291,0.0796,0.1752,0.7452
3292,0.0788,0.178,0.7432
3293,0.0768,0.1796,0.7436
3294,0.0752,0.1808,0.744
3295,0.0736,0.1812,0.7452
3296,0.0724,0.1816,0.746
3297,0.0688,0.1828,0.7484
3298,0.0684,0.1848,0.7468
3299,0.066,0.1852,0.7488
3300,0.0644,0.1856,0.75
3301,0.0632,0.1856,0.7512
3302,0.0612,0.188,0.7508
3303,0.0596,0.19,0.7504
3304,0.0568,0.1904,0.7528
3305,0.0564,0.1936,0.75
3306,0.0552,0.1948,0.75
3307,0.0544,0.196,0.7496
3308,0.0536,0.1972,0.7492
3309,0.0512,0.1996,0.7492
3310,0.0484,0.2,0.7516
3311,0.0484,0.202,0.7496
3312,0.0468,0.2032,0.75
3313,0.0464,0.204,0.7496
3314,0.0436,0.2056,0.7508
3315,0.0416,0.2084,0.75
3316,0.0396,0.21,0.7504
3317,0.0376,0.2104,0.752
3318,0.0372,0.2112,0.7516
3319,0.0364,0.2116,0.752
3320,0.0356,0.2128,0.7516
3321,0.034,0.2152,0.7508
3322,0.032,0.2164,0.7516
3323,0.0308,0.2172,0.752
3324,0.0304,0.2188,0.7508
3325,0.0292,0.22,0.7508
3326,0.0276,0.222,0.7504
3327,0.0248,0.2244,0.7508
3328,0.0236,0.2252,0.7512
3329,0.022,0.2272,0.7508
3330,0.0212,0.2272,0.7516
3331,0.0204,0.228,0.7516
3332,0.0192,0.2296,0.7512
3333,0.0184,0.232,0.7496
3334,0.0176,0.2332,0.7492
3335,0.0156,0.236,0.7484
3336,0.0148,0.2364,0.7488
3337,0.0124,0.2376,0.75
3338,0.0112,0.2392,0.7496
3339,0.01,0.242,0.748
3340,0.0084,0.2436,0.748
3341,0.008,0.2448,0.7472
3342,0.0076,0.2456,0.7468
3343,0.0056,0.248,0.7464
3344,0.0032,0.2492,0.7476
3345,0.0032,0.2508,0.746
3346,0.0016,0.2516,0.7468
3347,0.0,0.2524,0.7476
3348,0.0,0.254,0.746
3349,0.0,0.2544,0.7456
3350,0.0,0.2572,0.7428
3351,0.0,0.2592,0.7408
3352,0.0,0.2592,0.7408
3353,0.0,0.2604,0.7396
3354,0.0,0.2604,0.7396
3355,0.0,0.2636,0.7364
3356,0.0,0.2668,0.7332
3357,0.0,0.2692,0.7308
3358,0.0,0.2712,0.7288
3359,0.0,0.2732,0.7268
3360,0.0,0.274,0.726
3361,0.0,0.2756,0.7244
3362,0.0,0.2772,0.7228
3363,0.0,0.2788,0.7212
3364,0.0,0.2796,0.7204
3365,0.0,0.2804,0.7196
3366,0.0,0.2832,0.7168
3367,0.0,0.2852,0.7148
3368,0.0,0.286,0.714
3369,0.0,0.2872,0.7128
3370,0.0,0.2876,0.7124
3371,0.0,0.2888,0.7112
3372,0.0,0.29,0.71
3373,0.0,0.2936,0.7064
3374,0.0,0.296,0.704
3375,0.0,0.2972,0.7028
3376,0.0,0.2984,0.7016
3377,0.0,0.3004,0.6996
3378,0.0,0.3016,0.6984
3379,0.0,0.3028,0.6972
3380,0.0,0.306,0.694
3381,0.0,0.3072,0.6928
3382,0.0,0.3104,0.6896
3383,0.0,0.3108,0.6892
3384,0.0,0.3116,0.6884
3385,0.0,0.3136,0.6864
3386,0.0,0.316,0.684
3387,0.0,0.3168,0.6832
3388,0.0,0.3184,0.6816
3389,0.0,0.3216,0.6784
3390,0.0,0.3232,0.6768
3391,0.0,0.3264,0.6736
3392,0.0,0.3268,0.6732
3393,0.0,0.3276,0.6724
3394,0.0,0.3288,0.6712
3395,0.0,0.33,0.67
3396,0.0,0.332,0.668
3397,0.0,0.3332,0.6668
3398,0.0,0.3356,0.6644
3399,0.0,0.3372,0.6628
3400,0.0,0.3392,0.6608
3401,0.0,0.3396,0.6604
3402,0.0,0.3416,0.6584
3403,0.0,0.344,0.656
3404,0.0,0.3464,0.6536
3405,0.0,0.348,0.652
3406,0.0,0.35,0.65
3407,0.0,0.352,0.648
3408,0.0,0.3552,0.6448
3409,0.0,0.3584,0.6416
3410,0.0,0.3588,0.6412
3411,0.0,0.3604,0.6396
3412,0.0,0.3624,0.6376
3413,0.0,0.3652,0.6348
3414,0.0,0.366,0.634
3415,0.0,0.3664,0.6336
3416,0.0,0.368,0.632
3417,0.0,0.3696,0.6304
3418,0.0,0.3704,0.6296
3419,0.0,0.372,0.628
3420,0.0,0.3752,0.6248
3421,0.0,0.3764,0.6236
3422,0.0,0.3788,0.6212
3423,0.0,0.3808,0.6192
3424,0.0,0.3824,0.6176
3425,0.0,0.3852,0.6148
3426,0.0,0.3876,0.6124
3427,0.0,0.3896,0.6104
3428,0.0,0.3916,0.6084
3429,0.0,0.394,0.606
3430,0.0,0.3964,0.6036
3431,0.0,0.3976,0.6024
3432,0.0,0.3992,0.6008
3433,0.0,0.402,0.598
3434,0.0,0.4036,0.5964
3435,0.0,0.406,0.594
3436,0.0,0.4068,0.5932
3437,0.0,0.4084,0.5916
3438,0.0,0.4096,0.5904
3439,0.0,0.4116,0.5884
3440,0.0,0.4132,0.5868
3441,0.0,0.4156,0.5844
3442,0.0,0.4188,0.5812
3443,0.0,0.4212,0.5788
3444,0.0,0.4236,0.5764
3445,0.0,0.4244,0.5756
3446,0.0,0.4264,0.5736
3447,0.0,0.4284,0.5716
3448,0.0,0.4304,0.5696
3449,0.0,0.432,0.568
3450,0.0,0.4344,0.5656
3451,0.0,0.4376,0.5624
3452,0.0,0.4392,0.5608
3453,0.0,0.4412,0.5588
3454,0.0,0.444,0.556
3455,0.0,0.446,0.554
3456,0.0,0.448,0.552
3457,0.0,0.4512,0.5488
3458,0.0,0.4532,0.5468
3459,0.0,0.456,0.544
3460,0.0,0.4572,0.5428
3461,0.0,0.4584,0.5416
3462,0.0,0.4596,0.5404
3463,0.0,0.4616,0.5384
3464,0.0,0.4628,0.5372
3465,0.0,0.4664,0.5336
3466,0.0,0.47,0.53
3467,0.0,0.4716,0.5284
3468,0.0,0.4728,0.5272
3469,0.0,0.476,0.524
3470,0.0,0.4784,0.5216
3471,0.0,0.4792,0.5208
3472,0.0,0.4828,0.5172
3473,0.0,0.4856,0.5144
3474,0.0,0.4884,0.5116
3475,0.0,0.4904,0.5096
3476,0.0,0.494,0.506
3477,0.0,0.4968,0.5032
3478,0.0,0.498,0.502
3479,0.0,0.5008,0.4992
3480,0.0,0.5028,0.4972
3481,0.0,0.5044,0.4956
3482,0.0,0.5064,0.4936
3483,0.0,0.508,0.492
3484,0.0,0.5092,0.4908
3485,0.0,0.5136,0.4864
3486,0.0,0.516,0.484
3487,0.0,0.5208,0.4792
3488,0.0,0.5216,0.4784
3489,0.0,0.524,0.476
3490,0.0,0.5276,0.4724
3491,0.0,0.5292,0.4708
3492,0.0,0.5324,0.4676
3493,0.0,0.5368,0.4632
3494,0.0,0.5408,0.4592
3495,0.0,0.5428,0.4572
3496,0.0,0.5444,0.4556
3497,0.0,0.5472,0.4528
3498,0.0,0.5508,0.4492
3499,0.0,0.5548,0.4452
3500,0.0,0.56,0.44
3501,0.0,0.5628,0.4372
3502,0.0,0.5656,0.4344
3503,0.0,0.5676,0.4324
3504,0.0,0.5716,0.4284
3505,0.0,0.5752,0.4248
3506,0.0,0.5776,0.4224
3507,0.0,0.5812,0.4188
3508,0.0,0.5852,0.4148
3509,0.0,0.5904,0.4096
3510,0.0,0.592,0.408
3511,0.0,0.594,0.406
3512,0.0,0.5964,0.4036
3513,0.0,0.5984,0.4016
3514,0.0,0.6032,0.3968
3515,0.0,0.6056,0.3944
3516,0.0,0.6072,0.3928
3517,0.0,0.61,0.39
3518,0.0,0.6128,0.3872
3519,0.0,0.6152,0.3848
3520,0.0,0.6176,0.3824
3521,0.0,0.622,0.378
3522,0.0,0.6252,0.3748
3523,0.0,0.6268,0.3732
3524,0.0,0.6296,0.3704
3525,0.0,0.632,0.368
3526,0.0,0.634,0.366
3527,0.0,0.636,0.364
3528,0.0,0.64,0.36
3529,0.0,0.6432,0.3568
3530,0.0,0.6464,0.3536
3531,0.0,0.6484,0.3516
3532,0.0,0.6504,0.3496
3533,0.0,0.6516,0.3484
3534,0.0,0.6532,0.3468
3535,0.0,0.6564,0.3436
3536,0.0,0.66,0.34
3537,0.0,0.6632,0.3368
3538,0.0,0.666,0.334
3539,0.0,0.6696,0.3304
3540,0.0,0.672,0.328
3541,0.0,0.6752,0.3248
3542,0.0,0.6768,0.3232
3543,0.0,0.6784,0.3216
3544,0.0,0.6824,0.3176
3545,0.0,0.6844,0.3156
3546,0.0,0.6876,0.3124
3547,0.0,0.6888,0.3112
3548,0.0,0.6912,0.3088
3549,0.0,0.6936,0.3064
3550,0.0,0.6976,0.3024
3551,0.0,0.6992,0.3008
3552,0.0,0.7024,0.2976
3553,0.0,0.706,0.294
3554,0.0,0.7108,0.2892
3555,0.0,0.712,0.288
3556,0.0,0.7156,0.2844
3557,0.0,0.718,0.282
3558,0.0,0.7204,0.2796
3559,0.0,0.7232,0.2768
3560,0.0,0.7272,0.2728
3561,0.0,0.7288,0.2712
3562,0.0,0.7316,0.2684
3563,0.0,0.7376,0.2624
3564,0.0,0.74,0.26
3565,0.0,0.7444,0.2556
3566,0.0,0.748,0.252
3567,0.0,0.752,0.248
3568,0.0,0.7564,0.2436
3569,0.0,0.7596,0.2404
3570,0.0,0.764,0.236
3571,0.0,0.7668,0.2332
3572,0.0,0.768,0.232
3573,0.0,0.7708,0.2292
3574,0.0,0.774,0.226
3575,0.0,0.778,0.222
3576,0.0,0.7816,0.2184
3577,0.0,0.7844,0.2156
3578,0.0,0.7856,0.2144
3579,0.0,0.788,0.212
3580,0.0,0.7904,0.2096
3581,0.0,0.7936,0.2064
3582,0.0,0.7956,0.2044
3583,0.0,0.7988,0.2012
3584,0.0,0.8012,0.1988
3585,0.0,0.8032,0.1968
3586,0.0,0.8064,0.1936
3587,0.0,0.8088,0.1912
3588,0.0,0.812,0.188
3589,0.0,0.8136,0.1864
3590,0.0,0.8156,0.1844
3591,0.0,0.8172,0.1828
3592,0.0,0.8204,0.1796
3593,0.0,0.822,0.178
3594,0.0,0.8232,0.1768
3595,0.0,0.8264,0.1736
3596,0.0,0.8284,0.1716
3597,0.0,0.83,0.17
3598,0.0,0.832,0.168
3599,0.0,0.8352,0.1648
3600,0.0,0.8376,0.1624
3601,0.0,0.8384,0.1616
3602,0.0,0.8424,0.1576
3603,0.0,0.8436,0.1564
3604,0.0,0.8444,0.1556
3605,0.0,0.8464,0.1536
3606,0.0,0.8496,0.1504
3607,0.0,0.8508,0.1492
3608,0.0,0.8532,0.1468
3609,0.0,0.854,0.146
3610,0.0,0.8564,0.1436
3611,0.0,0.8576,0.1424
3612,0.0,0.86,0.14
3613,0.0,0.8628,0.1372
3614,0.0,0.8648,0.1352
3615,0.0,0.8672,0.1328
3616,0.0,0.8684,0.1316
3617,0.0,0.8696,0.1304
3618,0.0,0.8716,0.1284
3619,0.0,0.8732,0.1268
3620,0.0,0.8736,0.1264
3621,0.0,0.8748,0.1252
3622,0.0,0.8784,0.1216
3623,0.0,0.88,0.12
3624,0.0,0.8808,0.1192
3625,0.0,0.884,0.116
3626,0.0,0.886,0.114
3627,0.0,0.8884,0.1116
3628,0.0,0.8892,0.1108
3629,0.0,0.8908,0.1092
3630,0.0,0.892,0.108
3631,0.0,0.8928,0.1072
3632,0.0,0.8944,0.1056
3633,0.0,0.8952,0.1048
3634,0.0,0.8972,0.1028
3635,0.0,0.9004,0.0996
3636,0.0,0.9024,0.0976
3637,0.0,0.9032,0.0968
3638,0.0,0.904,0.096
3639,0.0,0.9064,0.0936
3640,0.0,0.9076,0.0924
3641,0.0,0.9096,0.0904
3642,0.0,0.9104,0.0896
3643,0.0,0.9116,0.0884
3644,0.0,0.9132,0.0868
3645,0.0,0.916,0.084
3646,0.0,0.9168,0.0832
3647,0.0,0.9176,0.0824
3648,0.0,0.9188,0.0812
3649,0.0,0.9212,0.0788
3650,0.0,0.9224,0.0776
3651,0.0,0.9236,0.0764
3652,0.0,0.9244,0.0756
3653,0.0,0.926,0.074
3654,0.0,0.9272,0.0728
3655,0.0,0.9292,0.0708
3656,0.0,0.932,0.068
3657,0.0,0.9328,0.0672
3658,0.0,0.9336,0.0664
3659,0.0,0.9356,0.0644
3660,0.0,0.936,0.064
3661,0.0,0.9368,0.0632
3662,0.0,0.9376,0.0624
3663,0.0,0.9392,0.0608
3664,0.0,0.9404,0.0596
3665,0.0,0.9424,0.0576
3666,0.0,0.944,0.056
3667,0.0,0.9456,0.0544
3668,0.0,0.9464,0.0536
3669,0.0,0.9484,0.0516
3670,0.0,0.95,0.05
3671,0.0,0.9512,0.0488
3672,0.0,0.952,0.048
3673,0.0,0.952,0.048
3674,0.0,0.9532,0.0468
3675,0.0,0.9544,0.0456
3676,0.0,0.9568,0.0432
3677,0.0,0.9576,0.0424
3678,0.0,0.9588,0.0412
3679,0.0,0.96,0.04
3680,0.0,0.9612,0.0388
3681,0.0,0.9628,0.0372
3682,0.0,0.964,0.036
3683,0.0,0.9652,0.0348
3684,0.0,0.9664,0.0336
3685,0.0,0.9676,0.0324
3686,0.0,0.9684,0.0316
3687,0.0,0.9696,0.0304
3688,0.0,0.9704,0.0296
3689,0.0,0.9716,0.0284
3690,0.0,0.9724,0.0276
3691,0.0,0.9736,0.0264
3692,0.0,0.9752,0.0248
3693,0.0,0.9772,0.0228
3694,0.0,0.9788,0.0212
3695,0.0,0.9788,0.0212
3696,0.0,0.9788,0.0212
3697,0.0,0.9808,0.0192
3698,0.0,0.9816,0.0184
3699,0.0,0.9828,0.0172
3700,0.0,0.9836,0.0164
3701,0.0,0.9856,0.0144
3702,0.0,0.9864,0.0136
3703,0.0,0.9872,0.0128
3704,0.0,0.9888,0.0112
3705,0.0,0.9896,0.0104
3706,0.0,0.9904,0.0096
3707,0.0,0.9912,0.0088
3708,0.0,0.9924,0.0076
3709,0.0,0.994,0.006
3710,0.0,0.9956,0.0044
3711,0.0,0.996,0.004
3712,0.0,0.9968,0.0032
3713,0.0,0.998,0.002
3714,0.0,0.9992,0.0008
3715,0.0,1.0,0.0
